date,idx,nonrspo,composite
2012-12-21,1000,1000,1000
2012-12-24,1007.455837,997.0895237,1004.468237
2012-12-25,1006.978229,997.0895237,1004.440348
2012-12-26,1009.37991,992.7297974,1004.234407
2012-12-27,1018.502717,999.7229052,1014.085394
2012-12-28,1023.317705,1007.425693,1019.326939
2012-12-31,1037.353499,1016.895649,1029.766427
2013-01-01,1037.353499,1016.895649,1029.766427
2013-01-02,1055.832542,1030.652343,1048.78898
2013-01-03,1060.018436,1033.574359,1052.408881
2013-01-04,1061.449946,1028.533183,1048.433518
2013-01-07,1072.325673,1053.961206,1059.394768
2013-01-08,1063.811437,1050.180255,1047.098979
2013-01-09,1061.746729,1048.009679,1052.485604
2013-01-10,1070.161263,1048.235428,1055.741366
2013-01-11,1061.975227,1045.915407,1050.066469
2013-01-14,1062.538551,1043.087647,1050.525066
2013-01-15,1065.172491,1045.849642,1051.591117
2013-01-16,1066.656673,1039.790931,1047.226082
2013-01-17,1058.618427,1034.646427,1036.931915
2013-01-18,1062.104339,1037.362379,1040.890692
2013-01-21,1063.629914,1009.631877,1028.865595
2013-01-22,1061.241481,1008.614665,1028.679074
2013-01-23,1068.557088,1013.618286,1030.851886
2013-01-24,1066.288012,1013.548702,1030.297251
2013-01-25,1074.337706,1021.191897,1039.034493
2013-01-28,1081.72186,1022.316567,1040.882634
2013-01-29,1075.047129,1009.347151,1030.225495
2013-01-30,1073.275069,1001.202724,1026.580366
2013-01-31,1063.682416,991.4859646,1021.468359
2013-02-01,1067.739136,990.5409455,1023.354578
2013-02-04,1067.152355,994.3908088,1025.3266
2013-02-05,1066.368695,991.8141636,1019.135333
2013-02-06,1052.45928,984.7028099,1008.84304
2013-02-07,1046.186127,986.6517139,1004.691966
2013-02-08,1058.253434,985.3806389,1011.120187
2013-02-11,1058.277283,983.5938347,1009.111542
2013-02-12,1050.869164,983.8319937,1007.451768
2013-02-13,1062.340922,990.4099132,1016.829557
2013-02-14,1067.404873,994.0062884,1020.496134
2013-02-15,1062.696702,994.7405179,1017.852084
2013-02-18,1058.622721,988.2718976,1012.488936
2013-02-19,1050.554293,985.6184099,1010.355414
2013-02-20,1060.855996,984.7749168,1015.002212
2013-02-21,1044.378966,974.0458058,1003.471153
2013-02-22,1035.521292,976.9274534,1005.668022
2013-02-25,1029.409675,974.1434961,1001.813922
2013-02-26,1033.295557,971.0986968,995.4673628
2013-02-27,1040.54746,973.0556055,996.3039401
2013-02-28,1053.275526,984.3215239,1007.02348
2013-03-01,1041.211862,982.1393732,998.3001026
2013-03-04,1028.041962,980.7804558,985.5144126
2013-03-05,1030.828243,986.1282472,990.3648261
2013-03-06,1037.789911,992.1465725,999.908153
2013-03-07,1039.16906,988.8564534,999.4284016
2013-03-08,1032.317234,990.245747,992.1020834
2013-03-11,1027.31057,1000.82146,988.3702475
2013-03-12,1029.943438,1002.753025,992.352183
2013-03-13,1028.357349,994.1145813,988.1093891
2013-03-14,1027.689614,992.9208157,988.24921
2013-03-15,1022.689774,1000.272282,983.3308028
2013-03-18,1023.303102,991.3845058,978.1985566
2013-03-19,1020.874389,996.1924089,978.3350205
2013-03-20,1023.29831,996.7538335,980.6464979
2013-03-21,1026.533259,997.1963266,981.7511641
2013-03-22,1026.074693,994.3716067,982.8516893
2013-03-25,1037.795556,1004.740719,992.626707
2013-03-26,1038.962197,1013.738422,997.8106123
2013-03-27,1040.839028,1018.288011,999.2791515
2013-03-28,1042.544704,1021.55144,997.1722489
2013-03-29,1044.911355,1022.281281,999.5708358
2013-04-01,1050.027267,1023.873314,1002.109064
2013-04-02,1050.996705,1037.593956,1007.453213
2013-04-03,1043.176484,1040.837818,1005.014585
2013-04-04,1047.901973,1050.397206,1008.287367
2013-04-05,1050.416832,1062.004394,1012.915395
2013-04-08,1045.241957,1059.632946,1005.864364
2013-04-09,1051.675672,1069.163979,1014.984304
2013-04-10,1060.813872,1086.57185,1025.638796
2013-04-11,1069.129419,1087.939903,1031.805952
2013-04-12,1062.708918,1079.077309,1024.886483
2013-04-15,1065.634952,1066.708519,1021.212882
2013-04-16,1061.885647,1061.263647,1017.268876
2013-04-17,1061.636946,1061.128707,1018.86254
2013-04-18,1053.145067,1058.537876,1011.293611
2013-04-19,1056.999761,1060.483847,1013.143816
2013-04-22,1048.771304,1050.367516,1004.942337
2013-04-23,1042.114071,1043.235565,996.9530734
2013-04-24,1047.450727,1050.101214,1005.714914
2013-04-25,1059.202408,1051.37956,1012.631914
2013-04-26,1056.471722,1052.549447,1012.814271
2013-04-29,1054.437189,1049.339461,1009.935884
2013-04-30,1050.896574,1043.88609,1005.119299
2013-05-01,1049.421152,1043.611799,1004.319287
2013-05-02,1036.332559,1035.170748,992.158969
2013-05-03,1038.565554,1028.503128,990.8148756
2013-05-06,1063.583219,1067.486677,1019.438035
2013-05-07,1065.445514,1077.486742,1025.386859
2013-05-08,1072.766882,1079.538724,1031.275714
2013-05-09,1078.76809,1081.570288,1036.119622
2013-05-10,1079.163946,1088.690157,1037.445374
2013-05-13,1087.257405,1101.820413,1038.064791
2013-05-14,1097.662313,1102.615813,1049.732157
2013-05-15,1089.365196,1106.50194,1047.218406
2013-05-16,1077.895808,1096.665443,1032.073043
2013-05-17,1079.847481,1095.904286,1032.70225
2013-05-20,1090.552495,1110.733782,1042.977465
2013-05-21,1089.479745,1121.793228,1047.487484
2013-05-22,1085.811867,1123.021913,1044.275724
2013-05-23,1073.697218,1088.215618,1025.157813
2013-05-24,1073.995036,1085.51256,1024.583803
2013-05-27,1073.481027,1098.247979,1028.344848
2013-05-28,1074.920758,1095.346714,1028.981305
2013-05-29,1069.199521,1089.377192,1023.980779
2013-05-30,1067.142405,1076.087072,1017.605504
2013-05-31,1058.332673,1062.532769,1006.897638
2013-06-03,1055.391989,1051.892305,1002.964139
2013-06-04,1069.794398,1052.126077,1014.084134
2013-06-05,1063.69953,1058.108948,1010.897464
2013-06-06,1068.322358,1060.860377,1013.125732
2013-06-07,1069.069638,1061.605426,1012.700386
2013-06-10,1070.57682,1061.146711,1013.443392
2013-06-11,1072.903854,1052.231505,1010.26239
2013-06-12,1059.676633,1056.235858,1006.154232
2013-06-13,1047.936561,1037.990023,993.2119934
2013-06-14,1070.323858,1049.69145,1010.999922
2013-06-17,1073.699166,1053.727038,1015.144286
2013-06-18,1076.620051,1049.382706,1013.150267
2013-06-19,1081.352152,1047.597347,1016.282561
2013-06-20,1047.000876,1020.534714,985.6088292
2013-06-21,1008.658364,1022.006641,968.993805
2013-06-24,1006.319114,995.0510812,950.9138061
2013-06-25,1021.739967,997.386042,962.3292574
2013-06-26,1025.95108,1001.654793,965.0243517
2013-06-27,1035.892621,1012.706559,974.0181198
2013-06-28,1045.452622,1021.213146,983.1480837
2013-07-01,1046.357363,1023.06013,985.4945549
2013-07-02,1042.875396,1023.044203,982.1451452
2013-07-03,1035.421395,1014.31198,975.1369743
2013-07-04,1034.330177,1021.14198,976.5524383
2013-07-05,1033.880132,1020.677002,975.9831177
2013-07-08,1026.656321,1013.522242,967.5047321
2013-07-09,1030.743272,1019.513388,972.5982172
2013-07-10,1034.929921,1022.017204,975.9776228
2013-07-11,1047.706052,1027.203815,988.1255776
2013-07-12,1048.765506,1022.545405,987.9959993
2013-07-15,1039.673038,1017.749721,979.5931132
2013-07-16,1039.990837,1018.752796,979.7238303
2013-07-17,1037.778321,1020.094169,976.1789146
2013-07-18,1036.080086,1021.964608,972.8574167
2013-07-19,1039.461843,1021.714971,976.4951755
2013-07-22,1044.169014,1026.486275,980.7274287
2013-07-23,1052.263999,1027.738347,984.1389967
2013-07-24,1052.449657,1020.450143,982.6951782
2013-07-25,1044.66418,1014.58413,976.6668174
2013-07-26,1041.060148,1012.791985,974.8716739
2013-07-29,1032.54946,1000.057105,966.0606247
2013-07-30,1030.674254,995.697416,964.7749532
2013-07-31,1017.925704,976.2579604,950.0292442
2013-08-01,1018.607914,982.3485885,951.7836292
2013-08-02,1023.928966,983.6421135,955.3492349
2013-08-05,1027.413574,994.9514488,960.0431765
2013-08-06,1026.927192,994.9666801,959.6918467
2013-08-07,1025.111603,989.2207199,956.4356654
2013-08-08,1027.879143,990.2747945,958.8278886
2013-08-09,1029.218059,989.7088859,959.3756088
2013-08-12,1027.101097,988.0476726,957.7589096
2013-08-13,1022.353638,989.9072982,955.0119569
2013-08-14,1018.815866,983.4743899,949.6389777
2013-08-15,1017.766849,980.8955269,947.840651
2013-08-16,1014.882251,980.8654685,946.2199705
2013-08-19,1013.005321,975.9698006,943.5042221
2013-08-20,1007.66784,955.2422979,935.0872987
2013-08-21,1000.011467,954.5479382,929.3189841
2013-08-22,990.842639,940.3102638,921.6610409
2013-08-23,995.6965918,943.337376,924.9624892
2013-08-26,1021.01275,947.9529984,946.6316131
2013-08-27,1007.329781,923.4794966,932.0723111
2013-08-28,994.9597755,912.4850169,923.2706047
2013-08-29,1005.318738,926.4211953,934.4395363
2013-08-30,1015.011941,937.3788054,945.3898311
2013-09-02,1014.845219,936.1908272,945.4855681
2013-09-03,1014.160078,939.4839191,943.8329361
2013-09-04,1005.822558,932.9428611,936.0843079
2013-09-05,1004.839187,927.6529384,935.0624949
2013-09-06,1008.569757,924.4315354,938.1549195
2013-09-09,1020.686777,933.6932089,949.4179996
2013-09-10,1029.504458,944.0997222,958.9787312
2013-09-11,1032.255826,946.6287097,960.6634306
2013-09-12,1032.48864,950.5004865,963.4027903
2013-09-13,1028.687314,946.5594621,959.5646984
2013-09-16,1036.913565,949.0895109,965.6205985
2013-09-17,1040.021944,956.0103351,969.416923
2013-09-18,1042.480278,961.5245596,972.2938126
2013-09-19,1069.491103,992.2996048,998.3348554
2013-09-20,1059.387436,980.8972981,985.1850881
2013-09-23,1052.911209,972.2846582,979.0638412
2013-09-24,1049.730637,968.8222355,977.7690539
2013-09-25,1048.065125,970.9676855,974.3561012
2013-09-26,1046.089351,971.5731983,977.7885192
2013-09-27,1040.372538,969.7619468,972.1880519
2013-09-30,1025.221354,957.7055241,959.7007716
2013-10-01,1036.916402,964.5622288,969.3302207
2013-10-02,1046.0705,965.7548302,975.4816828
2013-10-03,1048.33919,969.7647542,978.1628158
2013-10-04,1057.732882,976.7638763,986.2710626
2013-10-07,1050.410156,971.9641147,980.1669228
2013-10-08,1047.511605,973.1465475,977.1826151
2013-10-09,1045.589635,974.030929,976.919206
2013-10-10,1053.376679,981.4941941,985.3517694
2013-10-11,1059.013867,984.5136166,988.3570524
2013-10-14,1057.630547,981.9752805,987.0314365
2013-10-15,1057.626706,981.6974564,986.9752077
2013-10-16,1059.234841,986.7021564,991.5588795
2013-10-17,1071.238436,993.987693,1000.307045
2013-10-18,1074.800949,989.4848761,1000.89173
2013-10-21,1076.808004,988.8462949,1002.765395
2013-10-22,1084.244244,996.4716613,1011.221744
2013-10-23,1088.278739,999.7985299,1015.02846
2013-10-24,1092.314517,1009.552618,1020.858969
2013-10-25,1099.858919,1011.919539,1026.222831
2013-10-28,1102.976948,1013.337305,1028.751972
2013-10-29,1105.398536,1014.624835,1030.963545
2013-10-30,1114.940397,1024.545578,1041.717406
2013-10-31,1123.822207,1025.691876,1045.260236
2013-11-01,1126.925811,1024.055959,1044.854139
2013-11-04,1121.82133,1025.793384,1040.689077
2013-11-05,1126.214888,1025.242563,1043.811217
2013-11-06,1118.605483,1021.670491,1036.815341
2013-11-07,1125.254524,1023.554443,1041.903631
2013-11-08,1121.198657,1021.106662,1036.80208
2013-11-11,1120.543128,1013.834212,1035.974274
2013-11-12,1116.45065,1010.570641,1033.727027
2013-11-13,1112.397385,1000.737912,1028.508196
2013-11-14,1127.122191,1017.494993,1044.829979
2013-11-15,1136.908306,1028.920769,1057.331609
2013-11-18,1157.553272,1041.519907,1071.558477
2013-11-19,1165.925212,1051.108102,1084.974345
2013-11-20,1153.744953,1054.739728,1076.901657
2013-11-21,1139.131894,1042.227363,1061.60525
2013-11-22,1138.853407,1043.395937,1063.546838
2013-11-25,1138.824379,1042.410118,1062.541407
2013-11-26,1136.942349,1040.844568,1061.059262
2013-11-27,1131.480028,1034.516278,1054.936978
2013-11-28,1137.373942,1031.986369,1059.199651
2013-11-29,1137.334884,1028.752356,1059.253841
2013-12-02,1141.610461,1031.635977,1064.428807
2013-12-03,1135.670997,1031.887311,1060.014073
2013-12-04,1128.826049,1021.967182,1048.771537
2013-12-05,1129.446327,1029.061866,1053.354822
2013-12-06,1129.178289,1033.198246,1055.570744
2013-12-09,1141.464285,1046.151753,1066.933583
2013-12-10,1140.206826,1047.566046,1065.995316
2013-12-11,1129.585545,1044.624477,1055.582116
2013-12-12,1131.315437,1038.880669,1055.215645
2013-12-13,1126.229113,1035.316026,1050.977527
2013-12-16,1115.856112,1029.358735,1042.292359
2013-12-17,1117.813231,1031.647421,1045.291818
2013-12-18,1114.705165,1028.253759,1040.813876
2013-12-19,1108.789663,1025.930212,1033.850946
2013-12-20,1101.375197,1016.313646,1025.973071
2013-12-23,1095.25699,1012.441047,1022.347845
2013-12-24,1096.136609,1011.677831,1021.520742
2013-12-25,1096.597286,1011.677831,1021.53781
2013-12-26,1095.207995,1013.280712,1022.703727
2013-12-27,1107.242725,1017.031258,1033.864593
2013-12-30,1111.186327,1018.442574,1037.51207
2013-12-31,1115.758968,1029.355672,1044.10507
2014-01-01,1115.758968,1029.355672,1044.10507
2014-01-02,1105.3067,1025.888219,1035.081096
2014-01-03,1102.314339,1026.613111,1032.191377
2014-01-06,1099.617243,1034.088275,1032.011241
2014-01-07,1090.970135,1035.489102,1022.951564
2014-01-08,1097.096884,1041.130243,1029.850254
2014-01-09,1087.460493,1033.217243,1017.577795
2014-01-10,1090.940806,1037.190155,1021.27832
2014-01-13,1090.404299,1036.317538,1020.008523
2014-01-14,1086.21722,1035.776409,1014.685177
2014-01-15,1077.401118,1026.169116,1005.992067
2014-01-16,1068.930044,1019.890534,997.2888351
2014-01-17,1072.398749,1020.098053,999.425687
2014-01-20,1066.751813,1017.355434,994.4323762
2014-01-21,1061.721589,1012.569417,989.6679059
2014-01-22,1065.056947,1014.247014,993.0132311
2014-01-23,1068.640024,1001.664874,989.8442735
2014-01-24,1059.129514,1004.605038,983.5350021
2014-01-27,1046.108561,986.983694,967.8863087
2014-01-28,1041.757094,989.4345171,966.7684597
2014-01-29,1047.257123,994.1716627,971.9753495
2014-01-30,1047.447642,993.2500752,972.0809761
2014-01-31,1047.076046,993.3020639,971.3624865
2014-02-03,1044.120103,991.0955387,968.2314491
2014-02-04,1034.999428,983.4369661,961.0368426
2014-02-05,1036.624273,993.2122643,964.6801296
2014-02-06,1045.017629,1001.582171,973.01189
2014-02-07,1052.549734,1006.596547,980.0191501
2014-02-10,1052.713336,1008.57259,982.4357621
2014-02-11,1060.176966,1021.006345,992.4832161
2014-02-12,1067.741904,1028.208765,998.9745824
2014-02-13,1069.782554,1029.974665,1001.05636
2014-02-14,1070.406095,1041.543323,1005.314014
2014-02-17,1083.50688,1046.307466,1016.894909
2014-02-18,1079.82509,1038.654461,1011.640935
2014-02-19,1107.899316,1051.297305,1036.699847
2014-02-20,1104.106183,1053.243384,1034.398818
2014-02-21,1106.400197,1057.087458,1037.598542
2014-02-24,1107.523592,1069.124224,1049.092847
2014-02-25,1113.454046,1067.361472,1056.378047
2014-02-26,1103.853377,1068.5674,1048.297918
2014-02-27,1115.023439,1066.607616,1057.21108
2014-02-28,1106.537004,1066.690085,1049.557764
2014-03-03,1114.394118,1058.934277,1054.28355
2014-03-04,1120.087323,1062.402096,1058.046036
2014-03-05,1128.879615,1075.291762,1066.522188
2014-03-06,1152.490933,1105.953994,1092.361251
2014-03-07,1158.680379,1118.994114,1100.381474
2014-03-10,1148.473857,1116.359744,1092.299212
2014-03-11,1161.562824,1128.325494,1104.025812
2014-03-12,1160.805938,1128.741251,1102.634391
2014-03-13,1155.40783,1129.02261,1096.278318
2014-03-14,1145.637259,1120.530782,1087.317322
2014-03-17,1155.176706,1111.9779,1091.273144
2014-03-18,1154.445557,1110.574325,1091.397817
2014-03-19,1151.97645,1111.431736,1088.870389
2014-03-20,1136.598389,1100.632409,1074.428071
2014-03-21,1132.475574,1099.315731,1071.670505
2014-03-24,1140.966128,1108.948069,1081.692673
2014-03-25,1136.963903,1106.801952,1079.094004
2014-03-26,1143.429391,1111.530586,1085.733124
2014-03-27,1146.681227,1114.229328,1089.576775
2014-03-28,1156.343766,1125.213206,1099.717911
2014-03-31,1154.96842,1127.020548,1097.216457
2014-04-01,1155.845713,1131.371691,1098.833264
2014-04-02,1156.207221,1136.47089,1098.826927
2014-04-03,1156.981124,1133.974714,1100.570154
2014-04-04,1151.945409,1132.418604,1095.592411
2014-04-07,1155.276798,1130.805344,1096.185201
2014-04-08,1166.639067,1139.175888,1107.271801
2014-04-09,1180.458232,1148.241521,1119.068581
2014-04-10,1180.361418,1161.36734,1120.748695
2014-04-11,1175.782567,1147.91067,1113.292998
2014-04-14,1170.850738,1141.872376,1107.719105
2014-04-15,1173.844281,1151.650851,1114.016351
2014-04-16,1181.227251,1149.374366,1118.307075
2014-04-17,1180.103849,1145.79557,1117.496717
2014-04-18,1183.337706,1147.895463,1120.004821
2014-04-21,1182.267368,1145.709058,1117.667053
2014-04-22,1187.529683,1149.563883,1120.278387
2014-04-23,1188.306258,1146.058696,1120.164383
2014-04-24,1201.6854,1146.740839,1123.488581
2014-04-25,1208.235803,1144.059781,1121.313581
2014-04-28,1198.775401,1140.017159,1116.827089
2014-04-29,1197.115334,1136.446436,1115.808097
2014-04-30,1203.831265,1133.296395,1123.628672
2014-05-01,1204.758646,1133.500425,1124.514239
2014-05-02,1202.122742,1130.656031,1121.852787
2014-05-05,1199.782797,1128.973788,1123.324429
2014-05-06,1202.563913,1133.718152,1123.997832
2014-05-07,1199.510412,1134.846601,1123.032978
2014-05-08,1207.077083,1144.06223,1131.682901
2014-05-09,1196.791405,1146.939174,1124.224983
2014-05-12,1198.366974,1141.788322,1124.691827
2014-05-13,1197.320381,1141.626092,1124.079271
2014-05-14,1217.203724,1158.292216,1143.686878
2014-05-15,1211.015685,1151.764575,1137.242248
2014-05-16,1217.884511,1146.154928,1139.99302
2014-05-19,1226.442258,1156.222616,1148.922352
2014-05-20,1214.48248,1155.188323,1139.719723
2014-05-21,1212.229046,1148.352392,1136.16632
2014-05-22,1214.607259,1152.245464,1140.397511
2014-05-23,1203.08146,1149.166033,1129.839934
2014-05-26,1200.595317,1145.906783,1127.144589
2014-05-27,1200.123728,1144.987256,1126.461321
2014-05-28,1197.620553,1137.617771,1122.375483
2014-05-29,1203.370692,1143.614201,1130.236975
2014-05-30,1197.737812,1161.763826,1131.313946
2014-06-02,1191.825135,1137.377497,1119.600231
2014-06-03,1194.142671,1147.860668,1126.302615
2014-06-04,1184.658655,1139.105521,1116.600651
2014-06-05,1190.164105,1143.706452,1121.418774
2014-06-06,1198.603224,1143.151561,1126.930235
2014-06-09,1202.503394,1144.367519,1130.941237
2014-06-10,1204.444023,1147.981856,1133.651817
2014-06-11,1200.53856,1147.229496,1131.2881
2014-06-12,1204.940504,1143.798826,1132.987157
2014-06-13,1202.867087,1141.690185,1132.257858
2014-06-16,1201.542834,1143.733655,1130.355139
2014-06-17,1198.73819,1145.479565,1127.681362
2014-06-18,1194.563073,1141.194005,1124.436737
2014-06-19,1201.374187,1152.430126,1131.977006
2014-06-20,1206.140803,1151.185789,1131.966182
2014-06-23,1208.541782,1149.323135,1132.811399
2014-06-24,1220.857728,1155.299518,1141.280083
2014-06-25,1219.150607,1153.723818,1139.30608
2014-06-26,1214.667905,1158.517599,1139.174028
2014-06-27,1222.176557,1163.396242,1141.821318
2014-06-30,1219.477656,1158.85517,1138.712007
2014-07-01,1214.225901,1155.890987,1132.453303
2014-07-02,1222.380117,1157.963056,1138.992084
2014-07-03,1226.357763,1157.20258,1141.570626
2014-07-04,1225.603332,1163.625468,1143.722067
2014-07-07,1228.271109,1163.890068,1144.12703
2014-07-08,1234.666642,1165.77139,1149.906361
2014-07-09,1232.047693,1165.895645,1147.711014
2014-07-10,1229.507518,1161.734575,1143.739883
2014-07-11,1225.694581,1156.392625,1140.32784
2014-07-14,1222.053909,1153.126282,1136.129966
2014-07-15,1221.771915,1153.131847,1135.834672
2014-07-16,1221.432228,1155.041535,1136.207547
2014-07-17,1222.262537,1153.790271,1136.955118
2014-07-18,1216.617339,1142.830926,1130.560464
2014-07-21,1218.276798,1145.803696,1132.436175
2014-07-22,1219.800081,1148.635444,1134.034786
2014-07-23,1223.305082,1151.466182,1137.14652
2014-07-24,1228.064979,1151.057046,1142.599811
2014-07-25,1226.423459,1153.205688,1142.787617
2014-07-28,1226.405071,1153.353719,1142.453509
2014-07-29,1222.191368,1152.808111,1139.426483
2014-07-30,1215.69275,1147.639026,1133.192807
2014-07-31,1200.788584,1136.558677,1119.9425
2014-08-01,1193.585067,1127.235587,1112.428796
2014-08-04,1193.41037,1128.1291,1112.024694
2014-08-05,1196.777342,1131.673034,1116.287481
2014-08-06,1193.769574,1124.317838,1111.851753
2014-08-07,1188.675392,1121.643102,1107.51995
2014-08-08,1178.850101,1111.913014,1097.632375
2014-08-11,1182.124802,1113.70035,1101.072399
2014-08-12,1175.700579,1117.558874,1097.995766
2014-08-13,1168.602378,1125.142676,1096.255078
2014-08-14,1173.004108,1125.196049,1101.018261
2014-08-15,1176.449989,1126.502575,1103.071702
2014-08-18,1168.275407,1115.407687,1093.927638
2014-08-19,1162.188421,1109.321149,1087.71097
2014-08-20,1155.025263,1104.000827,1084.022826
2014-08-21,1149.433204,1093.757415,1074.240943
2014-08-22,1141.51752,1096.125979,1068.172429
2014-08-25,1135.562603,1080.078876,1057.696437
2014-08-26,1138.930232,1075.472189,1059.367628
2014-08-27,1148.346346,1093.089191,1072.339536
2014-08-28,1146.252589,1084.430947,1068.504179
2014-08-29,1138.801996,1078.379904,1061.967017
2014-09-01,1137.542649,1078.924221,1060.315345
2014-09-02,1127.416438,1065.412117,1051.531546
2014-09-03,1131.614741,1065.012946,1054.708132
2014-09-04,1133.439863,1070.385876,1058.884244
2014-09-05,1128.014494,1074.677098,1056.43984
2014-09-08,1130.974154,1077.498699,1058.113325
2014-09-09,1126.192808,1072.960131,1053.150514
2014-09-10,1123.380332,1069.21266,1051.57922
2014-09-11,1122.773892,1059.64123,1047.783094
2014-09-12,1119.335402,1059.569446,1045.24125
2014-09-15,1107.786739,1052.539056,1035.540813
2014-09-16,1106.487784,1053.163677,1033.591498
2014-09-17,1105.533634,1051.638687,1032.406341
2014-09-18,1101.930171,1042.225557,1028.260435
2014-09-19,1097.90001,1053.972173,1029.458404
2014-09-22,1103.425253,1051.674099,1031.878195
2014-09-23,1103.365817,1050.154898,1030.535241
2014-09-24,1098.162683,1050.262348,1026.400941
2014-09-25,1098.161758,1046.536879,1027.148168
2014-09-26,1092.279734,1047.646901,1024.095988
2014-09-29,1088.582765,1041.803792,1018.845833
2014-09-30,1086.714772,1046.488209,1018.910906
2014-10-01,1083.845501,1045.009313,1015.150063
2014-10-02,1083.877464,1041.016611,1014.280573
2014-10-03,1077.314737,1030.861532,1006.450764
2014-10-06,1077.901084,1030.97901,1007.612365
2014-10-07,1077.417738,1023.353193,1006.994741
2014-10-08,1059.393263,1001.660333,988.3985537
2014-10-09,1079.510974,1019.188608,1007.877093
2014-10-10,1064.784235,1003.308695,992.3762539
2014-10-13,1052.689092,986.5546601,977.548064
2014-10-14,1042.526827,981.565803,974.1487512
2014-10-15,1037.810472,962.7824875,964.1357003
2014-10-16,1025.886499,943.5571082,951.36049
2014-10-17,1035.146542,961.1080711,962.5634793
2014-10-20,1049.984049,974.5301889,977.984388
2014-10-21,1048.260044,974.7799852,978.7850353
2014-10-22,1048.619946,974.8027087,978.3760164
2014-10-23,1049.902406,979.7288101,982.8476059
2014-10-24,1053.574403,988.4726915,989.4630374
2014-10-27,1061.601066,1004.881854,1001.174039
2014-10-28,1066.894121,998.2320847,1004.346507
2014-10-29,1081.537612,1010.387963,1019.569326
2014-10-30,1083.077444,1019.836063,1022.241994
2014-10-31,1088.412799,1025.776659,1028.695144
2014-11-03,1074.681753,1013.073294,1016.77635
2014-11-04,1068.942824,1004.584444,1009.192744
2014-11-05,1062.930731,993.5937035,1002.295299
2014-11-06,1062.934636,998.1622668,1005.501438
2014-11-07,1059.116466,999.0081786,1005.198753
2014-11-10,1058.627502,996.7939072,1003.178659
2014-11-11,1058.204455,988.3685961,999.5538325
2014-11-12,1062.134329,993.1003299,1002.386006
2014-11-13,1048.009394,980.5972696,987.0681349
2014-11-14,1037.994534,974.3016255,978.4932665
2014-11-17,1034.925047,965.1532441,973.4701624
2014-11-18,1039.021024,963.8575479,977.5609414
2014-11-19,1033.943981,964.27126,973.5454564
2014-11-20,1020.557611,957.1219342,964.2268109
2014-11-21,1024.823354,951.9738564,965.7646492
2014-11-24,1032.47739,962.4896813,975.8157828
2014-11-25,1036.068769,964.1539807,979.0744432
2014-11-26,1036.826622,963.361815,979.8085496
2014-11-27,1037.092367,956.5707942,977.1036894
2014-11-28,1029.474704,933.1498148,965.3499742
2014-12-01,1000.319884,892.877322,933.8680356
2014-12-02,1023.993277,911.7008067,943.6164089
2014-12-03,990.5757242,895.146484,927.3352836
2014-12-04,991.980341,881.2470584,926.6252553
2014-12-05,982.3261798,873.8144892,918.6209936
2014-12-08,971.0009993,858.6463677,904.4454908
2014-12-09,973.3179103,844.1652175,903.3963516
2014-12-10,980.8073278,848.4740942,910.8919319
2014-12-11,967.7783145,835.2998515,898.6819799
2014-12-12,965.5835809,818.2985804,894.2855303
2014-12-15,950.4720443,772.4843358,873.8884899
2014-12-16,935.7078397,769.4403032,859.8298113
2014-12-17,926.1605967,774.4585959,855.3583803
2014-12-18,932.5341616,789.0320293,863.3473188
2014-12-19,934.6008689,792.317005,867.3115496
2014-12-22,952.0618969,806.1137404,883.1157541
2014-12-23,956.1892222,803.9574219,886.1544097
2014-12-24,965.7969891,807.1468442,890.4001486
2014-12-25,965.3858864,806.9597936,890.3553347
2014-12-26,972.2804638,809.1923803,897.6276952
2014-12-29,975.5798978,814.3323448,902.9230398
2014-12-30,979.5233778,816.4646087,907.9303204
2014-12-31,986.1779519,822.7061071,912.5049455
2015-01-01,986.1779519,822.7061071,912.5049455
2015-01-02,978.2416913,808.9601828,902.019123
2015-01-05,963.9406465,801.9495699,888.9531728
2015-01-06,957.3392671,786.9899271,879.8082726
2015-01-07,958.2160537,782.8179213,876.0266986
2015-01-08,976.2819037,796.7285768,894.5895498
2015-01-09,971.1070683,799.3587641,893.3810065
2015-01-12,971.8064842,799.5272161,892.3848104
2015-01-13,965.6698576,798.0890677,888.4404474
2015-01-14,975.0547293,797.1152361,891.2193073
2015-01-15,973.8233294,802.7707127,891.2240527
2015-01-16,969.4265483,797.4738089,885.0929419
2015-01-19,969.2065234,797.3351769,884.4421978
2015-01-20,961.522936,787.7581228,876.2070223
2015-01-21,963.6918769,790.8233045,879.6817613
2015-01-22,965.6611556,803.627683,886.3378388
2015-01-23,969.037349,803.6147824,888.8910383
2015-01-26,970.0622393,799.8313961,886.8006056
2015-01-27,978.0644224,815.8651048,894.9687417
2015-01-28,974.5969573,820.0636937,893.8171021
2015-01-29,969.2395195,805.5931066,885.0789927
2015-01-30,962.001619,806.2787595,877.2995559
2015-02-02,959.6331651,806.6305475,878.1000427
2015-02-03,958.4949081,805.8531072,876.5199864
2015-02-04,971.5365854,819.9850403,891.8655741
2015-02-05,971.2581562,812.612947,889.9574363
2015-02-06,992.1182947,825.2486673,910.0181597
2015-02-09,978.8130874,823.3409557,898.2271523
2015-02-10,979.281332,826.4023628,897.9910923
2015-02-11,970.5331691,828.0883474,894.064404
2015-02-12,969.4656139,831.2070207,894.7428577
2015-02-13,974.9946672,847.047543,906.8669364
2015-02-16,975.3476312,854.6763239,909.9502675
2015-02-17,975.5428332,852.3127762,908.3183559
2015-02-18,965.9194713,846.1654736,897.9907381
2015-02-19,968.5084707,849.2924553,898.619147
2015-02-20,972.627166,850.9358099,899.2150662
2015-02-23,971.4042831,848.3402347,896.134573
2015-02-24,966.8276383,851.6959641,894.4744469
2015-02-25,970.7316403,842.1315352,895.1955797
2015-02-26,977.1580062,844.8189452,901.551045
2015-02-27,969.3421284,833.4326245,890.3010598
2015-03-02,961.28517,814.2661552,878.5540886
2015-03-03,971.8244086,817.3890817,888.2262328
2015-03-04,970.1217254,814.8017876,885.2338693
2015-03-05,963.7152272,810.6676768,878.4465231
2015-03-06,959.060044,809.5004478,876.4326096
2015-03-09,949.5056049,803.1808043,870.0899887
2015-03-10,936.8177852,799.5200198,859.1125849
2015-03-11,929.2121165,791.9483802,851.763284
2015-03-12,932.0817097,795.6746955,856.1688726
2015-03-13,925.9972453,796.4569033,851.3171384
2015-03-16,927.6786889,785.5933052,850.0760426
2015-03-17,922.6657275,783.7032542,845.8134005
2015-03-18,921.4682212,774.9749479,842.8120455
2015-03-19,924.8981871,776.1874672,846.676086
2015-03-20,924.2089428,766.5932025,843.7308923
2015-03-23,929.6721047,763.4942795,847.035128
2015-03-24,937.0460961,769.3614234,854.9456875
2015-03-25,931.7256714,762.867587,849.7708416
2015-03-26,929.4227951,760.6347842,848.0321435
2015-03-27,935.2215846,758.7586378,853.1753658
2015-03-30,931.0505444,755.6695862,848.4521758
2015-03-31,933.5354609,767.5241199,853.282326
2015-04-01,933.1444101,760.1004754,850.3570402
2015-04-02,939.9522157,762.1633935,856.7110053
2015-04-03,940.8697638,761.0811514,856.7902357
2015-04-06,947.3348008,765.6386444,862.2714093
2015-04-07,947.2646199,764.9916573,863.6092082
2015-04-08,946.9345267,767.316797,862.6985473
2015-04-09,949.3127153,764.7421549,865.0986294
2015-04-10,939.2147178,761.6044969,856.9463969
2015-04-13,928.6156259,750.4245411,846.1280977
2015-04-14,930.6799946,752.2984132,849.5283265
2015-04-15,929.8881033,753.3763376,847.6153014
2015-04-16,936.6684095,762.0787386,855.5570466
2015-04-17,942.3293221,768.870578,861.1801975
2015-04-20,937.0036621,767.0117572,856.6167186
2015-04-21,936.8409241,769.8229592,856.0846303
2015-04-22,930.9452784,772.5552203,852.2986133
2015-04-23,927.6686817,765.8598463,849.1312777
2015-04-24,938.4242794,767.7180829,859.1076808
2015-04-27,928.930783,760.1025095,851.7610399
2015-04-28,930.5525368,760.190809,854.0549846
2015-04-29,925.4026683,758.0859378,849.5654409
2015-04-30,920.0748209,760.3252025,845.2227951
2015-05-01,919.100998,758.5517461,844.0060978
2015-05-04,914.9721745,755.4435921,840.92409
2015-05-05,909.0934331,753.1206431,835.6421574
2015-05-06,915.4474857,761.837359,841.6463304
2015-05-07,906.4756207,750.2445683,832.6400989
2015-05-08,910.7224139,765.5831212,838.386723
2015-05-11,911.9078019,769.0714283,838.6278811
2015-05-12,933.0949224,776.905084,853.8806083
2015-05-13,949.4378065,790.1734814,870.5255916
2015-05-14,952.1531571,795.9261937,873.3679784
2015-05-15,954.7668559,800.087448,875.5315431
2015-05-18,951.4274494,798.1521023,873.9668619
2015-05-19,943.9780545,799.9879014,868.3317109
2015-05-20,938.3988046,795.1527972,864.6557525
2015-05-21,944.8681381,789.6002794,868.3141184
2015-05-22,944.1210346,792.3336936,868.8590508
2015-05-25,949.4967072,784.6213454,870.1416273
2015-05-26,943.8399996,779.1172466,864.693619
2015-05-27,934.7870861,770.0641107,853.9993579
2015-05-28,930.2427379,764.5925575,849.42878
2015-05-29,926.7815867,758.795842,845.0681116
2015-06-01,924.2074046,757.8072006,843.1062319
2015-06-02,932.7038631,758.2738348,849.4089719
2015-06-03,939.1274418,761.5709199,856.4692603
2015-06-04,925.7625306,759.2446448,845.1344005
2015-06-05,928.9787541,753.7487791,844.7839912
2015-06-08,911.2814391,738.5576393,828.538676
2015-06-09,904.3489134,734.4472534,822.3551656
2015-06-10,910.611538,743.1550481,830.3255266
2015-06-11,914.0407597,739.4134043,831.372719
2015-06-12,910.0427024,740.6553904,828.9002476
2015-06-15,896.5057356,715.6331892,813.3956595
2015-06-16,893.558288,719.0251393,813.8107052
2015-06-17,893.1857121,715.4126144,812.6044934
2015-06-18,900.4787396,722.6122958,819.1252176
2015-06-19,902.0288583,722.0600482,820.1055572
2015-06-22,903.5632054,715.0569553,819.2474572
2015-06-23,906.2524753,720.8284027,821.457212
2015-06-24,905.5859344,724.0584005,823.2049832
2015-06-25,903.0322015,723.599809,821.2088135
2015-06-26,901.3927596,717.2038068,818.0188097
2015-06-29,889.060052,702.8374539,806.2958958
2015-06-30,898.2317614,708.3121056,814.7538832
2015-07-01,906.3230778,715.6756979,821.863672
2015-07-02,915.2713517,722.4528938,831.8790367
2015-07-03,921.6263364,724.1132258,836.7795837
2015-07-06,912.9268991,712.764162,827.1499446
2015-07-07,911.1047798,710.2517711,825.4999355
2015-07-08,893.6126885,700.6048083,811.2611974
2015-07-09,897.8255436,703.0565285,813.958358
2015-07-10,905.2055994,706.2130003,821.0236526
2015-07-13,900.1424674,704.6887303,818.066663
2015-07-14,897.7808851,703.1898662,815.2993744
2015-07-15,899.3465783,702.9723782,816.9708497
2015-07-16,897.7484458,701.3113557,816.4934903
2015-07-17,897.0160705,701.5642516,816.0990098
2015-07-20,896.5535972,700.383913,815.332186
2015-07-21,899.8073653,706.5190509,818.9959194
2015-07-22,894.6378673,708.3853702,814.7183
2015-07-23,888.4647068,703.1466911,807.9161095
2015-07-24,884.170614,694.9909985,802.9977764
2015-07-27,875.0077737,682.089365,792.3210885
2015-07-28,863.1948572,674.1370313,780.9577392
2015-07-29,862.6089109,678.2597072,780.9313901
2015-07-30,856.3604984,675.0219966,775.2897211
2015-07-31,855.9880812,680.1832299,776.5371559
2015-08-03,850.2954576,670.8245597,769.8788604
2015-08-04,845.2530683,666.6302775,765.537798
2015-08-05,845.3173641,665.4132869,765.3114613
2015-08-06,837.8936028,656.8221027,757.6662289
2015-08-07,835.4154072,648.6923681,753.5974758
2015-08-10,829.9385915,641.1003963,748.1544568
2015-08-11,808.7594503,630.7326631,729.0987262
2015-08-12,780.576096,602.1467954,704.6225328
2015-08-13,789.7329848,610.4421832,713.1253621
2015-08-14,776.3515956,596.346021,700.0467668
2015-08-17,762.0368044,582.5597529,685.2447935
2015-08-18,759.6948887,575.5812496,682.3721037
2015-08-19,755.1163592,577.1466721,679.3077733
2015-08-20,744.4829692,563.1452393,668.8581326
2015-08-21,738.500838,551.0261771,661.8869891
2015-08-24,701.5871621,518.3429135,626.506792
2015-08-25,699.6095837,517.9408464,626.3436285
2015-08-26,692.4102061,514.46034,621.9418927
2015-08-27,710.024771,526.6112774,638.2263205
2015-08-28,718.712914,539.5273937,648.4997545
2015-08-31,721.1616128,537.5793015,647.828743
2015-09-01,716.3665264,541.1372021,643.4074579
2015-09-02,713.2012208,538.3708302,639.109941
2015-09-03,710.2925757,537.6524162,636.5863534
2015-09-04,706.8845132,531.786121,632.4412613
2015-09-07,694.7114816,520.8002242,618.4448646
2015-09-08,699.9031406,523.7251434,621.763387
2015-09-09,716.5051919,535.1168558,637.1639441
2015-09-10,706.9425059,533.8840758,630.6466648
2015-09-11,710.9565828,549.0865171,635.7185201
2015-09-14,721.4300066,567.2101723,650.4670839
2015-09-15,721.4835011,568.3504857,651.4641717
2015-09-16,721.3595121,569.2873841,651.9888035
2015-09-17,736.7934311,577.2725112,666.1855865
2015-09-18,727.4627459,584.5108188,662.3142121
2015-09-21,712.4846064,574.817155,647.9056094
2015-09-22,713.270748,565.7678717,645.9518056
2015-09-23,702.5562573,556.3487523,633.9465492
2015-09-24,703.3258689,556.3740006,634.2121129
2015-09-25,704.3122501,555.0640639,634.8301535
2015-09-28,700.5344926,553.4031362,630.7069407
2015-09-29,693.5848757,548.6914877,624.4599803
2015-09-30,714.7051424,562.0944485,644.7255897
2015-10-01,728.6620301,570.2761695,658.7082212
2015-10-02,727.3149975,570.0865863,656.3082265
2015-10-05,747.7432483,581.3281158,675.6419358
2015-10-06,758.6736228,590.2913986,685.7502408
2015-10-07,780.0810976,610.6780295,709.1971852
2015-10-08,771.3008378,597.383527,695.9977782
2015-10-09,796.9755991,616.9239813,719.5488066
2015-10-12,806.1086898,620.4779888,727.4011456
2015-10-13,801.1347621,619.7872908,722.6845754
2015-10-14,806.7797835,622.7943648,726.7478766
2015-10-15,812.1811064,635.5808025,733.9478766
2015-10-16,812.1676605,632.9793997,732.4076945
2015-10-19,809.7590767,635.8851334,729.1588128
2015-10-20,818.1259842,623.1210043,735.805659
2015-10-21,817.7478284,634.1229763,737.7759898
2015-10-22,820.9052029,636.4811638,740.4543382
2015-10-23,831.0612973,646.1471187,752.3247364
2015-10-26,836.7015845,642.3321147,758.134778
2015-10-27,821.5583582,638.4770127,744.9480821
2015-10-28,824.4104909,631.9281104,744.6309383
2015-10-29,808.3053544,626.4824942,731.145575
2015-10-30,807.9278852,627.6873303,732.1685228
2015-11-02,797.3525065,624.3127426,723.0063108
2015-11-03,806.1583365,629.4515598,731.7129496
2015-11-04,814.7042066,640.3338057,739.6654997
2015-11-05,809.0598937,640.0763319,736.1750137
2015-11-06,800.262971,641.4115521,730.0141457
2015-11-09,791.8441796,626.7434512,721.5711062
2015-11-10,787.6077722,624.4429125,719.1271189
2015-11-11,775.6021189,613.0962678,706.7872876
2015-11-12,765.4330667,618.1549194,698.6665191
2015-11-13,757.6361931,612.9591445,693.0725064
2015-11-16,751.1035324,607.9056346,688.454546
2015-11-17,755.2989563,613.0796862,691.8754339
2015-11-18,750.7938035,603.7744188,686.2639858
2015-11-19,754.3391735,610.6046294,690.7911644
2015-11-20,763.2778911,622.0322514,701.2972084
2015-11-23,762.338252,615.9146844,698.9462868
2015-11-24,766.3736009,620.0466568,703.9175564
2015-11-25,769.407686,621.9197808,707.3345635
2015-11-26,767.4939096,623.1656189,706.7409571
2015-11-27,763.5377014,611.3074285,701.351559
2015-11-30,760.6870292,605.0965637,698.3739922
2015-12-01,762.009628,614.408621,702.1693826
2015-12-02,760.284013,613.5543513,698.2331752
2015-12-03,764.0524183,606.9286619,700.136956
2015-12-04,765.8249933,606.5620192,700.9880165
2015-12-07,770.7135554,610.8305618,705.9006871
2015-12-08,759.2908541,600.6688086,694.8080754
2015-12-09,757.1711533,600.577472,692.6238956
2015-12-10,747.9177733,595.6162434,684.2464952
2015-12-11,744.6063563,590.2995361,679.5553116
2015-12-14,735.3734517,579.7873971,669.6627001
2015-12-15,736.5503178,586.8402981,672.4399549
2015-12-16,738.9946719,591.8089551,676.4678624
2015-12-17,746.6150769,598.4349339,682.6358793
2015-12-18,740.0787741,593.0584579,676.4563484
2015-12-21,749.9687769,593.1252349,683.5893389
2015-12-22,750.3889548,595.3403154,684.2838767
2015-12-23,757.2884095,604.4103795,692.4713879
2015-12-24,759.9547754,604.9290329,694.5335392
2015-12-25,760.011506,605.2272953,694.5789103
2015-12-28,757.440923,613.1651176,695.5250074
2015-12-29,758.948864,615.6700413,697.1167156
2015-12-30,770.1631221,617.0686018,703.0452115
2015-12-31,770.737675,619.1741197,704.1651949
2016-01-01,770.737675,619.1741197,704.1651949
2016-01-04,747.3195686,603.8041784,682.1952738
2016-01-05,761.5187295,628.9932424,702.3880613
2016-01-06,752.2453425,637.1163066,697.4294844
2016-01-07,736.5037628,626.7078969,683.2234596
2016-01-08,744.2319251,630.6842639,690.8196955
2016-01-11,736.5130443,624.2582814,683.1902592
2016-01-12,733.7452678,621.4337059,681.3528754
2016-01-13,735.2197252,619.9610488,681.8069795
2016-01-14,728.4910745,615.2618259,673.0593847
2016-01-15,725.616052,618.4594442,670.3627846
2016-01-18,726.8835142,614.2141851,671.314437
2016-01-19,737.328039,621.1095881,681.7184598
2016-01-20,718.4129697,601.274821,662.5171215
2016-01-21,717.9861317,593.414426,659.9250678
2016-01-22,735.4973923,612.1126863,678.5155525
2016-01-25,732.7768729,614.0635909,675.7793357
2016-01-26,732.2325672,602.6142179,672.9136766
2016-01-27,747.2940525,613.040557,681.5149885
2016-01-28,764.4572125,624.9005074,699.5133556
2016-01-29,795.7642365,643.9672628,729.5740812
2016-02-01,794.9799386,645.4070826,730.5303508
2016-02-02,782.3958316,633.9210642,715.8385163
2016-02-03,777.1146785,628.2201031,709.96753
2016-02-04,804.0997205,646.8840537,736.3641631
2016-02-05,811.8923403,640.8504997,742.7774435
2016-02-08,809.7477885,639.8923402,741.5924255
2016-02-09,814.1230721,637.7121751,744.0705225
2016-02-10,804.9519199,643.1932241,737.1155613
2016-02-11,802.3325988,635.8762458,731.58825
2016-02-12,798.5071899,632.7705325,727.3736613
2016-02-15,817.7147753,650.1335924,745.0590795
2016-02-16,833.3366504,658.255028,755.2552762
2016-02-17,827.1615975,657.6390738,751.8972186
2016-02-18,837.7345323,661.8364462,761.0504349
2016-02-19,828.2881918,653.7273128,752.7664012
2016-02-22,832.410856,655.7646206,756.2760438
2016-02-23,826.3463444,647.3699696,748.1443756
2016-02-24,822.3225642,635.6342157,743.3522473
2016-02-25,816.7245298,618.2277128,733.4790016
2016-02-26,821.7232028,611.169961,735.2537715
2016-02-29,822.4195788,610.631439,734.8977879
2016-03-01,829.3498293,619.9118087,742.3483289
2016-03-02,840.429593,618.6293696,747.0725496
2016-03-03,853.0280063,622.8858085,758.2623611
2016-03-04,864.6774008,628.3406203,767.5590968
2016-03-07,875.9553598,628.4602606,772.9643074
2016-03-08,863.7292554,616.3769587,760.6717165
2016-03-09,864.3574984,624.619569,763.6681786
2016-03-10,885.9290311,647.2754119,783.8175608
2016-03-11,902.1047655,652.6844556,797.8737249
2016-03-14,900.2424912,659.710144,797.9941118
2016-03-15,888.7900325,655.2029748,789.8438158
2016-03-16,890.6705843,653.4285406,791.0080152
2016-03-17,914.9117689,670.6624572,813.6799249
2016-03-18,915.340187,673.2685495,813.8213181
2016-03-21,913.04334,681.2335373,813.2639863
2016-03-22,927.7377196,691.7623628,825.6931122
2016-03-23,925.9694541,689.9827746,823.2132252
2016-03-24,916.7150744,677.9718052,813.4185052
2016-03-25,912.2456467,676.6119313,808.9188334
2016-03-28,912.3763018,678.0961644,808.9489319
2016-03-29,914.0068789,687.4211216,811.9281729
2016-03-30,936.7451902,701.237151,832.7150696
2016-03-31,935.5433077,704.4868772,830.8957683
2016-04-01,935.7490022,705.1318806,831.3921448
2016-04-04,930.7522581,703.047885,830.1719969
2016-04-05,924.2125989,697.0469507,824.025682
2016-04-06,928.3807729,694.2797583,825.1160488
2016-04-07,930.6976802,697.5058469,824.8427713
2016-04-08,927.7879825,700.2470435,824.6361373
2016-04-11,927.5450495,699.9051985,824.4280282
2016-04-12,927.9843459,697.6811777,822.1898352
2016-04-13,936.4527449,699.1053286,828.1095061
2016-04-14,930.47688,696.4160898,822.5333626
2016-04-15,931.7936808,691.8949535,823.3210474
2016-04-18,927.815997,686.891316,818.8002301
2016-04-19,939.4749377,691.9864791,828.0468041
2016-04-20,943.1171962,693.6262208,828.5916752
2016-04-21,946.1463444,691.7151584,830.5966496
2016-04-22,941.9279829,688.1522084,826.0575007
2016-04-25,935.7359324,682.7359293,820.120142
2016-04-26,934.6608139,674.75304,815.1907021
2016-04-27,938.0433673,677.8143667,819.8976243
2016-04-28,934.8348695,676.7112874,819.7627751
2016-04-29,932.221524,672.4107432,819.1179415
2016-05-02,927.9522302,673.1407006,817.8059882
2016-05-03,908.763611,662.6024231,801.363565
2016-05-04,894.2337787,653.5868491,786.4312171
2016-05-05,891.4098708,649.5930131,781.2317201
2016-05-06,889.7976694,650.7910536,780.4613492
2016-05-09,885.2680345,646.7549048,773.1035562
2016-05-10,878.0215501,636.7210917,763.4932356
2016-05-11,881.019065,640.6230181,764.9681349
2016-05-12,879.4931863,645.6522736,766.3345218
2016-05-13,870.3561619,637.5322315,755.5510506
2016-05-16,866.7299882,630.0345081,751.4601151
2016-05-17,876.8495849,635.7407607,761.7220628
2016-05-18,868.6705434,622.2500142,751.0137938
2016-05-19,859.7500013,614.9531164,744.9716217
2016-05-20,856.8462092,613.1053879,741.4561927
2016-05-23,864.8641348,613.5732892,749.3567183
2016-05-24,848.9937926,602.6714771,734.9982829
2016-05-25,858.0459205,606.4336779,741.4642803
2016-05-26,865.126611,608.4034912,746.9855187
2016-05-27,867.5880806,612.7704956,751.0265314
2016-05-30,859.6856056,606.0622752,742.0236268
2016-05-31,855.3037404,603.5847249,739.9451857
2016-06-01,853.0727635,599.8448288,736.8898792
2016-06-02,865.1166692,605.1938183,747.0679551
2016-06-03,869.9652412,608.09768,752.0523361
2016-06-06,874.6302503,614.6209178,758.3668468
2016-06-07,893.8705437,633.9336238,779.7722201
2016-06-08,895.5648504,635.2417992,780.4669128
2016-06-09,890.136668,631.322093,775.2904019
2016-06-10,883.5389897,626.3458244,768.2990057
2016-06-13,871.9446395,618.3494602,758.0297856
2016-06-14,862.3209476,617.2446912,752.1049917
2016-06-15,864.4880723,618.3411723,755.028253
2016-06-16,853.7094436,615.1509519,747.2685416
2016-06-17,856.0935238,614.9603338,748.5941049
2016-06-20,869.1394693,625.4934584,762.9713919
2016-06-21,864.7586531,624.501985,758.8379887
2016-06-22,861.660102,623.3717664,756.5069406
2016-06-23,867.5606029,626.6107775,761.0229156
2016-06-24,838.0972024,607.1186385,737.7791097
2016-06-27,827.9957464,606.7141377,732.1652596
2016-06-28,839.0121948,615.9692789,742.6243203
2016-06-29,842.4910931,623.9248691,748.3673251
2016-06-30,851.9968309,623.2817379,752.8770039
2016-07-01,858.766475,623.6027104,757.1327477
2016-07-04,867.3784652,626.3512905,763.9842257
2016-07-05,857.9713705,624.1269711,757.422659
2016-07-06,856.6699051,623.4841745,756.5546084
2016-07-07,852.7575215,623.9991177,753.566434
2016-07-08,850.3570227,616.5021768,748.882701
2016-07-11,851.638087,620.394465,752.4706184
2016-07-12,856.7184607,620.5798337,756.1736276
2016-07-13,864.3336233,624.4937721,762.0768192
2016-07-14,869.4266892,627.2637753,765.7514425
2016-07-15,865.7764439,630.5463647,764.3839482
2016-07-18,873.4692263,641.4235614,771.363291
2016-07-19,866.0357154,636.2405487,766.6044455
2016-07-20,853.1302603,638.0612458,757.5796823
2016-07-21,850.8246445,631.2248177,752.6831494
2016-07-22,847.1842836,629.8909228,749.1894874
2016-07-25,844.8928071,632.1712086,749.22646
2016-07-26,841.4644264,629.7474545,745.5596465
2016-07-27,847.4130776,627.6717626,748.5284459
2016-07-28,848.2877475,633.6845989,751.5643892
2016-07-29,849.8995226,628.2183122,749.9776156
2016-08-01,857.1631589,636.3896137,759.4863613
2016-08-02,853.460823,634.7545081,756.7374058
2016-08-03,846.8468782,634.5505663,751.888874
2016-08-04,852.5506811,635.1559993,753.4967595
2016-08-05,853.7631209,647.0941214,762.6140204
2016-08-08,853.165544,645.1002475,760.8765528
2016-08-09,854.8032724,648.0258101,762.4276235
2016-08-10,862.6213901,655.6041127,770.5943826
2016-08-11,863.2529568,655.382878,771.7626245
2016-08-12,857.513499,656.2814454,769.1268455
2016-08-15,864.7760763,668.1346683,778.8449441
2016-08-16,878.3946165,676.4902187,789.9157586
2016-08-17,870.4573153,672.9069294,783.7916062
2016-08-18,877.4540185,684.8956819,792.1019157
2016-08-19,878.6049407,689.0924787,794.7634906
2016-08-22,881.2647093,686.9547911,795.1736578
2016-08-23,876.8639987,681.0361816,790.9354001
2016-08-24,872.9768048,677.6269686,786.6040491
2016-08-25,872.8408968,672.5754826,784.592504
2016-08-26,874.4161373,674.3170268,785.2196632
2016-08-29,861.5501725,661.4621829,773.0999637
2016-08-30,860.0150498,668.661202,775.1372494
2016-08-31,870.6786525,669.5340215,781.1190951
2016-09-01,863.8099125,656.2920031,772.9259249
2016-09-02,864.9384572,656.9864597,774.0418039
2016-09-05,875.8344753,664.5414405,784.8138996
2016-09-06,884.8268958,669.1673187,794.0217055
2016-09-07,884.6335098,667.9332987,793.2455372
2016-09-08,890.9982597,668.6957726,797.8963079
2016-09-09,880.8200154,666.2125041,791.2927465
2016-09-12,880.0286287,665.288244,790.8972619
2016-09-13,867.4920691,652.8642072,777.8091069
2016-09-14,863.2793132,646.7257137,773.1785567
2016-09-15,862.5949572,648.8055585,771.3736724
2016-09-16,870.276727,648.7091327,775.2921044
2016-09-19,875.3126714,650.2866959,779.1528185
2016-09-20,871.2999898,649.3869365,777.7473171
2016-09-21,874.5490284,657.6354745,782.3627556
2016-09-22,878.345561,668.8702586,789.8502416
2016-09-23,878.3134404,667.147982,789.1265046
2016-09-26,875.8882189,667.0021511,787.8503539
2016-09-27,875.0852571,664.4742533,788.2939392
2016-09-28,874.9401449,666.1426393,788.0400151
2016-09-29,873.4305219,668.8170811,788.1895431
2016-09-30,869.0758609,660.7435031,781.7083803
2016-10-03,869.1217896,661.3667578,782.1966857
2016-10-04,869.951626,663.8721702,784.3218014
2016-10-05,867.9274752,662.9130373,779.6777745
2016-10-06,868.5482814,665.1620239,778.4568547
2016-10-07,869.0308502,661.4123482,778.8732178
2016-10-10,867.4223062,656.46274,777.7172616
2016-10-11,862.7920226,656.3787724,774.9851726
2016-10-12,851.8822993,654.6035165,767.8699088
2016-10-13,850.781587,647.9543098,763.5288901
2016-10-14,856.3704153,655.6048391,769.1952149
2016-10-17,861.9002981,655.6040785,772.1087129
2016-10-18,870.1683322,664.3718883,780.9927448
2016-10-19,869.3664421,658.5514288,779.6026197
2016-10-20,867.9678314,657.7129904,778.6084267
2016-10-21,865.8663846,651.9010977,775.2160421
2016-10-24,877.795521,656.1121054,784.7352056
2016-10-25,905.8054233,662.5410576,800.298617
2016-10-26,902.0365334,665.6050004,797.7123862
2016-10-27,900.3623549,663.9758173,795.6106937
2016-10-28,897.4295101,662.0378751,792.7502414
2016-10-31,895.7325156,654.6848629,789.5374445
2016-11-01,893.8265453,654.6616141,787.2927978
2016-11-02,883.3383318,640.4399869,775.383852
2016-11-03,881.6169731,645.8043102,775.050277
2016-11-04,875.2618185,643.9959985,770.8113817
2016-11-07,877.8350423,642.5908807,771.7121606
2016-11-08,888.4200848,644.6680682,781.5485076
2016-11-09,874.052548,633.5057196,767.6571656
2016-11-10,877.2031025,637.2131886,769.97414
2016-11-11,878.1090134,637.8237176,770.4846881
2016-11-14,881.4694304,634.011405,770.5559274
2016-11-15,876.9739918,630.3873544,768.2051119
2016-11-16,878.1785169,627.4973494,767.4230928
2016-11-17,884.2211009,623.5788131,769.0254971
2016-11-18,873.4715086,619.9533231,760.5895498
2016-11-21,872.904629,619.8042454,760.1499869
2016-11-22,880.0546745,611.7713197,762.4850024
2016-11-23,879.3281164,604.3227482,760.0794538
2016-11-24,887.5661723,610.4604928,766.6238857
2016-11-25,901.4049403,610.0270957,775.8948119
2016-11-28,901.8530936,603.275582,774.2039794
2016-11-29,897.9491074,603.4723588,772.512785
2016-11-30,889.6950871,603.7623266,767.4463525
2016-12-01,896.2938904,607.3679746,774.3708072
2016-12-02,895.5373076,615.9902539,776.9379793
2016-12-05,905.135263,622.1732361,785.5490414
2016-12-06,903.8700841,621.9571517,785.7423816
2016-12-07,909.2737613,621.6703239,788.5800654
2016-12-08,909.461187,624.3468814,788.7231887
2016-12-09,903.5146397,625.9889567,783.6760455
2016-12-12,909.0278997,626.3404063,788.4612342
2016-12-13,912.3854099,626.9695578,790.4946256
2016-12-14,911.5930862,627.1859891,789.8457073
2016-12-15,902.2612038,625.4420924,781.5390106
2016-12-16,903.1473295,627.6249778,782.8941776
2016-12-19,905.8450729,622.5659314,782.1108615
2016-12-20,905.5473259,624.8740513,784.5966687
2016-12-21,892.1466756,619.2148301,775.8202461
2016-12-22,897.33431,618.2952215,775.9556039
2016-12-23,894.092961,614.8087366,770.0008014
2016-12-26,894.0665531,614.2861921,769.9463607
2016-12-27,896.7681354,613.7708128,773.5122494
2016-12-28,896.0296909,616.1479886,772.8575687
2016-12-29,902.1329834,617.4232105,777.2542867
2016-12-30,907.2305205,618.3991636,779.1961089
2017-01-02,906.380722,618.3991636,778.7796285
2017-01-03,904.2499776,617.0122844,779.1600906
2017-01-04,908.785376,623.1965588,783.3404443
2017-01-05,922.1389571,632.6705574,794.7596481
2017-01-06,919.1091161,628.6906512,791.3190085
2017-01-09,921.3568759,629.4619819,794.8499194
2017-01-10,926.3053572,635.8865882,799.0293116
2017-01-11,925.7348194,639.4195506,799.5105691
2017-01-12,930.6152573,646.2178684,805.7796959
2017-01-13,936.1568188,642.0105715,806.8704346
2017-01-16,931.137518,634.9026207,800.3766874
2017-01-17,938.9635464,637.7847313,804.9747823
2017-01-18,952.5927882,645.1438229,814.5000662
2017-01-19,950.3109959,648.4835234,813.9830338
2017-01-20,951.259218,642.9376661,814.3066532
2017-01-23,953.8214764,643.7785337,814.879216
2017-01-24,961.6731359,645.6740507,822.7257206
2017-01-25,964.2481725,642.8458452,822.9447267
2017-01-26,964.3045531,641.6120004,822.2976589
2017-01-27,964.1417651,642.999878,823.1014643
2017-01-30,967.9972464,643.5829803,825.0862633
2017-01-31,969.6566717,645.7467031,825.0230253
2017-02-01,971.8183728,644.9054737,827.5828349
2017-02-02,979.4863922,651.9282137,833.7925995
2017-02-03,984.6772017,656.9610638,838.4086605
2017-02-06,989.3850979,658.1542062,842.1932088
2017-02-07,980.5488554,653.7785833,835.8682529
2017-02-08,980.1800508,654.7190474,835.9442775
2017-02-09,982.5719656,653.1167523,837.7077554
2017-02-10,986.4874382,655.9664246,840.6530043
2017-02-13,986.5352247,653.99431,839.5440873
2017-02-14,985.1749726,651.3082524,838.029816
2017-02-15,985.6797638,653.0531401,839.0178022
2017-02-16,985.7410603,651.7046195,839.1359981
2017-02-17,977.141025,644.192454,832.1370976
2017-02-20,973.5462231,644.4743947,826.9657406
2017-02-21,958.4218904,639.5857413,814.0861811
2017-02-22,953.3280204,635.313593,810.7969637
2017-02-23,953.2733354,630.2311421,810.0630584
2017-02-24,959.2087462,624.4007027,812.2990788
2017-02-27,959.8374485,626.9251111,812.3757665
2017-02-28,952.5416319,623.2839587,808.0349113
2017-03-01,950.5078971,619.5814149,805.3301829
2017-03-02,955.9372719,620.9817245,809.8342368
2017-03-03,946.607319,618.8981479,802.2616644
2017-03-06,948.2806818,625.033764,803.8504692
2017-03-07,957.050137,624.8873651,810.2505093
2017-03-08,950.8789701,623.7896674,806.4771989
2017-03-09,946.3160733,618.6694235,801.1669058
2017-03-10,945.7876178,617.546434,801.0321792
2017-03-13,949.9698083,617.6518338,806.3809903
2017-03-14,944.3697394,619.2056265,801.7282567
2017-03-15,946.5106963,619.5170228,804.7658405
2017-03-16,955.8841463,626.4152384,814.0145368
2017-03-17,957.1364054,629.6255148,814.2880736
2017-03-20,961.309886,631.6636662,818.2798555
2017-03-21,964.0900364,632.6234389,819.4530625
2017-03-22,960.9236125,631.8679238,816.9118067
2017-03-23,962.0213329,629.3991256,817.2476955
2017-03-24,957.4935962,627.552789,813.9433816
2017-03-27,956.7939757,625.0456657,812.2485543
2017-03-28,959.7668266,626.4001668,815.3580347
2017-03-29,962.3818358,630.8760475,818.1188244
2017-03-30,963.2473013,632.2619242,819.4736512
2017-03-31,961.4403197,630.8190945,816.6965602
2017-04-03,964.3633682,631.2913439,818.8238038
2017-04-04,961.4878034,632.6262238,816.450259
2017-04-05,960.5169831,634.7230463,816.2920386
2017-04-06,956.977411,632.3755699,812.7415321
2017-04-07,954.9356543,631.0789806,810.3799797
2017-04-10,947.9507348,629.8393975,805.4339868
2017-04-11,943.0401441,627.8269354,801.0096867
2017-04-12,948.1123751,630.6395507,804.9420406
2017-04-13,942.1765163,626.7813461,799.513554
2017-04-14,940.2483772,624.5875995,797.4697393
2017-04-17,936.5784762,624.2001063,794.0980434
2017-04-18,938.4197604,624.6854552,795.9771284
2017-04-19,937.934381,624.9122333,795.9940597
2017-04-20,940.176535,625.3097328,798.6065982
2017-04-21,935.5751163,628.640539,796.6005882
2017-04-24,938.9049954,628.7639379,799.0573624
2017-04-25,951.6861918,632.1828344,809.7271004
2017-04-26,953.6607529,633.2752712,810.9424073
2017-04-27,952.9978111,634.7002657,810.9981188
2017-04-28,963.1675193,631.2097698,816.2315163
2017-05-01,963.6110962,631.2343294,816.5948747
2017-05-02,959.59275,633.1091958,813.9196351
2017-05-03,957.9336931,631.0530079,811.7267417
2017-05-04,950.7599169,626.0254266,805.85696
2017-05-05,950.5092069,627.2970294,805.9517838
2017-05-08,960.7111047,630.267084,813.4230761
2017-05-09,956.6036345,629.1802645,810.928702
2017-05-10,956.8150224,627.6648285,810.5186918
2017-05-11,954.1341008,625.7955275,808.2131079
2017-05-12,974.9140148,629.8376361,826.6027974
2017-05-15,982.9759155,628.1952282,832.6156276
2017-05-16,985.8787397,629.928966,834.0581753
2017-05-17,983.586101,628.3438155,831.981846
2017-05-18,976.4887565,631.1629413,826.6441847
2017-05-19,983.3608007,640.3446752,832.6849311
2017-05-22,988.0849037,642.3900945,837.0482805
2017-05-23,986.3824134,643.4947601,835.3206925
2017-05-24,986.239872,643.6275416,836.1140237
2017-05-25,988.5883047,643.1169367,837.765044
2017-05-26,986.8239795,644.7005746,837.1869816
2017-05-29,977.2731966,638.1384419,827.8835587
2017-05-30,976.8505536,634.7673609,826.117856
2017-05-31,980.3156738,633.551031,826.3069203
2017-06-01,975.1226537,633.2917105,822.116467
2017-06-02,978.9586872,636.5533725,826.1143391
2017-06-05,981.2323091,642.5384745,829.159327
2017-06-06,975.2609305,639.1705438,823.9715331
2017-06-07,975.8480101,640.6935281,824.2203279
2017-06-08,970.9164315,639.3530927,821.0182939
2017-06-09,968.2806618,642.1058039,819.688611
2017-06-12,965.6976396,643.2364985,818.0533242
2017-06-13,972.0836514,641.7436781,823.0348304
2017-06-14,976.5486546,645.584221,827.3342929
2017-06-15,968.1659014,646.4559628,821.0136205
2017-06-16,971.5785485,647.3603733,824.3529673
2017-06-19,973.3172797,644.6082006,824.9540601
2017-06-20,967.1908587,645.3216538,820.2295654
2017-06-21,961.6828075,645.8135529,816.6256819
2017-06-22,966.1987577,644.205454,819.2145766
2017-06-23,966.6962644,647.1040395,820.1121702
2017-06-26,966.1814908,646.4405418,819.6009813
2017-06-27,966.9272432,644.4964426,820.240246
2017-06-28,964.6816904,643.4477432,818.447612
2017-06-29,968.0496022,643.4318619,820.8276552
2017-06-30,959.6517502,641.8861892,813.3991229
2017-07-03,957.7148586,640.5266012,810.8210147
2017-07-04,956.8265726,639.2001627,810.2033514
2017-07-05,957.1943703,644.8165809,811.9983407
2017-07-06,962.4156264,646.2774503,816.0078465
2017-07-07,955.8027488,643.8089284,810.5072092
2017-07-10,950.3221357,644.306788,806.8253016
2017-07-11,951.0190753,643.297344,807.2238896
2017-07-12,951.7999904,643.8960989,807.6104337
2017-07-13,952.2722715,646.8961244,807.9563401
2017-07-14,959.5539992,648.6476373,813.8792632
2017-07-17,956.1539984,650.3017014,811.6057584
2017-07-18,959.5559289,650.1199014,814.5731477
2017-07-19,958.9359962,649.3280944,814.5531462
2017-07-20,961.2898654,648.7395187,815.367052
2017-07-21,964.8950987,652.4195111,819.694637
2017-07-24,963.1795564,650.0670386,818.2795632
2017-07-25,961.3164287,648.1068157,816.8151096
2017-07-26,961.5896409,647.8184009,816.9300668
2017-07-27,958.8541045,646.3937604,814.6974059
2017-07-28,959.3102214,641.4269017,813.9328363
2017-07-31,960.5823782,641.2584024,815.7717445
2017-08-01,959.4145876,643.5966898,815.849804
2017-08-02,962.708796,644.8353529,818.7689144
2017-08-03,958.811922,645.3130662,816.4015239
2017-08-04,951.505083,645.4939237,811.496426
2017-08-07,949.8945797,642.4450967,809.0988228
2017-08-08,953.320207,640.4666374,811.4184146
2017-08-09,949.5802353,640.041412,809.0390939
2017-08-10,951.8087415,640.1187646,810.11431
2017-08-11,939.1311933,634.1943494,797.3021622
2017-08-14,940.9604703,635.4143169,799.2319473
2017-08-15,937.0716863,633.6709243,794.3012043
2017-08-16,938.8042163,636.5852073,796.5012935
2017-08-17,939.6283552,638.875391,797.5326947
2017-08-18,943.1488287,638.4416031,799.5730927
2017-08-21,937.9635368,637.8660301,795.2906611
2017-08-22,944.488447,642.0331285,802.0061446
2017-08-23,951.1469208,649.1112374,807.8921097
2017-08-24,955.2532924,653.8408077,812.0075239
2017-08-25,957.2082302,653.1562532,813.3919861
2017-08-28,958.8828633,649.7091929,814.206954
2017-08-29,958.4712811,647.0912618,813.8250261
2017-08-30,960.3985837,645.7042552,815.1516165
2017-08-31,959.0318896,645.9810548,814.7386941
2017-09-01,958.8270295,645.8234039,814.6543809
2017-09-04,953.0372335,643.895773,808.8512367
2017-09-05,963.3490157,648.5560314,817.7444201
2017-09-06,965.6416815,651.2241216,819.2713919
2017-09-07,970.4340535,654.6064952,823.9951705
2017-09-08,975.3738619,660.1275238,828.0452699
2017-09-11,977.2919294,667.0049473,829.1712361
2017-09-12,980.3013792,670.6817859,832.2407269
2017-09-13,987.8308053,673.0929455,838.5380202
2017-09-14,984.9921755,671.7473793,835.3857591
2017-09-15,988.1768441,670.1893974,838.6687923
2017-09-18,988.2084031,667.748743,838.0281368
2017-09-19,983.3294003,666.7071098,833.9688386
2017-09-20,983.9495055,667.3158924,834.071888
2017-09-21,979.2586568,660.0532329,828.9731365
2017-09-22,979.2105108,659.9654291,829.1933216
2017-09-25,976.6626596,655.8198123,826.6103338
2017-09-26,969.9457268,651.8385239,820.6924241
2017-09-27,967.0092428,654.4336536,819.8162027
2017-09-28,967.5121032,652.6376648,819.2955016
2017-09-29,967.178657,653.9449739,818.8850071
2017-10-02,965.5653737,650.6165352,817.2541365
2017-10-03,967.0105149,649.8952702,818.3922499
2017-10-04,973.2170052,654.3641587,823.4573482
2017-10-05,975.1932214,655.4720214,825.4115402
2017-10-06,975.942285,656.9755556,826.3809187
2017-10-09,979.5379748,654.1513362,829.1707116
2017-10-10,987.3102846,656.1268464,835.2828637
2017-10-11,984.8885238,654.2685525,833.6341939
2017-10-12,983.2188221,657.661593,833.0882257
2017-10-13,985.7088795,656.3888339,834.7261786
2017-10-16,987.4934542,657.8152044,835.8864563
2017-10-17,982.5324808,653.9129063,830.9118936
2017-10-18,984.3540516,653.5700907,831.9113502
2017-10-19,985.685257,651.2155578,831.9032848
2017-10-20,981.9913555,652.7088079,829.6438571
2017-10-23,979.8994068,653.4382346,828.0993057
2017-10-24,982.5616532,655.2299524,830.0019098
2017-10-25,986.7957543,654.1492087,833.4363327
2017-10-26,988.1505487,654.9579995,833.8869111
2017-10-27,986.2068137,654.8607542,832.8003172
2017-10-30,993.4154649,661.8683047,840.398479
2017-10-31,994.6408528,657.0773194,840.20959
2017-11-01,996.4517774,657.1337983,841.8531651
2017-11-02,994.5780651,654.5232023,839.9591868
2017-11-03,992.0546992,652.9117347,837.3953907
2017-11-06,1000.098419,649.418203,843.0361417
2017-11-07,994.9472155,647.1089996,838.2353466
2017-11-08,994.4981659,646.4255539,838.0703528
2017-11-09,1000.016663,647.0885674,843.0505453
2017-11-10,997.1630936,646.5122181,840.4626404
2017-11-13,992.329439,645.5332069,837.4259815
2017-11-14,980.9211323,642.875224,827.6327215
2017-11-15,982.3096858,641.3391478,828.2926308
2017-11-16,975.9156538,639.0992233,822.3234179
2017-11-17,979.1774117,638.2222465,824.7482016
2017-11-20,975.5166561,636.5680216,821.4805545
2017-11-21,978.7755994,636.4274509,824.6145002
2017-11-22,986.8731887,639.1502599,831.9919737
2017-11-23,987.7735239,638.9351611,831.889681
2017-11-24,983.695575,635.7000017,828.6241596
2017-11-27,977.45017,635.1303415,824.5530003
2017-11-28,977.9096967,633.8673243,823.7513133
2017-11-29,983.2154403,634.2498727,827.8139192
2017-11-30,981.8199884,627.7134741,824.7197187
2017-12-01,985.4804323,627.677947,827.9300838
2017-12-04,982.3067943,627.9287616,825.6653643
2017-12-05,978.1429151,621.5222613,821.8429644
2017-12-06,971.9208332,618.604805,816.1829477
2017-12-07,966.4512651,620.5325337,813.3999133
2017-12-08,965.4289694,624.2574688,813.5497035
2017-12-11,967.2980563,620.0933435,814.6686803
2017-12-12,964.7949797,622.6071204,812.8757463
2017-12-13,965.3691374,624.1782309,814.6714347
2017-12-14,969.8130206,627.985443,818.1964398
2017-12-15,965.5802614,628.3416202,815.3624588
2017-12-18,969.9439794,620.7276992,817.3847904
2017-12-19,968.8523646,621.0917509,816.6661508
2017-12-20,969.620048,624.0691854,817.5991556
2017-12-21,970.1866766,620.3430612,817.7268254
2017-12-22,974.2891655,619.8165263,821.2091852
2017-12-25,974.4344085,619.8165263,821.2833244
2017-12-26,971.3846002,620.2289509,819.1147299
2017-12-27,977.7188365,622.848118,824.4459446
2017-12-28,978.738664,623.8934911,825.0711081
2017-12-29,1000.499493,631.0187939,842.9645267
2018-01-01,1000.499493,631.0187939,842.9645267
2018-01-02,998.3042003,631.032944,841.0646119
2018-01-03,1003.1999,638.2452134,845.9256114
2018-01-04,1016.514133,641.6299175,856.8135017
2018-01-05,1016.307577,646.2600235,857.6950029
2018-01-08,1023.19683,651.1410045,863.5001288
2018-01-09,1020.781791,647.8041526,860.572001
2018-01-10,1022.58381,654.6975218,862.6003438
2018-01-11,1021.402138,653.4114392,861.3499885
2018-01-12,1026.454308,652.7066843,865.345467
2018-01-15,1032.577864,653.1524612,870.2409805
2018-01-16,1032.765367,648.9987473,868.789951
2018-01-17,1034.066214,648.0876668,869.2007648
2018-01-18,1027.274983,642.5768143,863.5570933
2018-01-19,1025.707943,644.6604988,862.6495954
2018-01-22,1029.762758,643.6148579,865.2875123
2018-01-23,1034.954313,643.6400353,869.4681896
2018-01-24,1040.746158,647.4328704,874.1336607
2018-01-25,1044.438978,651.1383148,877.629237
2018-01-26,1044.899924,656.601379,878.5224573
2018-01-29,1044.976882,653.5820773,877.6862454
2018-01-30,1039.222426,644.3340995,871.9178764
2018-01-31,1037.159875,646.3241761,870.9675594
2018-02-01,1038.213386,645.2580835,871.1156572
2018-02-02,1036.495012,642.7544587,869.6950081
2018-02-05,1019.377682,634.3319673,855.5551662
2018-02-06,997.3016901,619.8203149,837.8185778
2018-02-07,1006.263672,625.5042309,845.256486
2018-02-08,1001.039,625.004765,841.7534232
2018-02-09,992.7143899,617.3381901,833.2910551
2018-02-12,997.9002058,619.3289526,837.4260096
2018-02-13,1001.691471,623.7975684,840.6463081
2018-02-14,1001.366088,625.4133921,839.6131929
2018-02-15,1013.602976,630.9638828,850.4441276
2018-02-16,1013.985172,631.5589113,850.9545218
2018-02-19,1021.81463,642.0140255,858.9598102
2018-02-20,1018.84405,637.0088835,856.70163
2018-02-21,1020.982377,639.900002,859.100082
2018-02-22,1015.996088,637.0817242,855.01761
2018-02-23,1020.340196,640.0821091,858.2325534
2018-02-26,1028.660589,641.6090998,865.0931717
2018-02-27,1029.499098,639.6603636,866.0134378
2018-02-28,1021.285081,635.7168967,858.3009487
2018-03-01,1030.854629,635.5436907,864.3757615
2018-03-02,1028.753528,633.2397039,862.5321946
2018-03-05,1025.441978,622.7517925,858.0953877
2018-03-06,1026.866756,629.3000895,859.4656536
2018-03-07,1019.080166,618.8043448,852.8722748
2018-03-08,1019.142438,613.9720296,853.1596657
2018-03-09,1021.577125,610.8009932,855.2320641
2018-03-12,1027.725032,612.7538936,859.8220425
2018-03-13,1028.385664,611.9414562,859.7582516
2018-03-14,1022.924658,609.6922692,854.9658275
2018-03-15,1019.331307,608.0686195,850.9818466
2018-03-16,1018.471795,602.3268188,849.0553535
2018-03-19,1012.250908,600.2388123,844.4091843
2018-03-20,1011.746295,601.2138716,844.531075
2018-03-21,1017.1882,604.850687,849.6168152
2018-03-22,1019.821989,604.5365367,851.6589903
2018-03-23,1015.825348,600.1082026,847.8360359
2018-03-26,1020.817729,602.2387338,851.4238808
2018-03-27,1026.744711,603.5110096,855.8746175
2018-03-28,1020.696117,604.1253917,851.2631111
2018-03-29,1020.183101,602.1151008,849.7845724
2018-03-30,1023.260465,604.5481074,852.6465967
2018-04-02,1023.544656,610.3600387,854.7210942
2018-04-03,1021.812121,607.5425136,853.0676074
2018-04-04,1005.636041,593.1037134,839.423092
2018-04-05,1012.57117,594.9019408,844.6038089
2018-04-06,1012.525081,592.9465804,844.0021695
2018-04-09,1023.740613,599.3645154,851.7576099
2018-04-10,1036.681855,602.5843983,863.1344229
2018-04-11,1029.367515,606.7884098,858.3071275
2018-04-12,1025.721662,601.3987975,854.6185981
2018-04-13,1026.59135,607.1844169,856.570676
2018-04-16,1025.93712,603.183311,855.5671458
2018-04-17,1028.236409,602.6649487,855.1556908
2018-04-18,1028.922095,599.1160115,856.1759641
2018-04-19,1030.262127,599.4275114,856.2371034
2018-04-20,1023.670574,593.8761637,850.4040331
2018-04-23,1023.562546,589.1352853,849.2197631
2018-04-24,1025.426251,590.0119208,849.1262551
2018-04-25,1015.28134,583.5924582,841.3947051
2018-04-26,1011.394344,581.9014278,840.1133032
2018-04-27,1010.441528,580.2161423,839.9437011
2018-04-30,1008.647818,578.9001505,839.1003565
2018-05-01,1006.303476,578.4410713,837.1432939
2018-05-02,1001.41408,571.6925376,832.2530308
2018-05-03,995.2280503,571.0119944,827.4834795
2018-05-04,990.0962862,566.365598,823.7715117
2018-05-07,983.7880705,559.8423341,818.8505878
2018-05-08,984.8060535,560.3178298,821.3842556
2018-05-09,981.5896242,559.7493095,819.2279164
2018-05-10,981.8848719,559.7941153,819.1242219
2018-05-11,979.1574072,563.357567,818.6293114
2018-05-14,987.2809898,570.0175618,825.3815703
2018-05-15,985.971746,570.3977535,824.4261126
2018-05-16,982.9007096,566.0010497,821.0498985
2018-05-17,981.1436252,567.9252688,819.2281696
2018-05-18,982.1929096,562.4630843,819.9573881
2018-05-21,987.2090942,560.4898847,823.1982191
2018-05-22,984.4795853,556.8890512,820.7618464
2018-05-23,973.8167989,545.7239858,809.7293701
2018-05-24,973.0910695,542.576483,808.6055784
2018-05-25,973.9687755,544.8614547,809.6245337
2018-05-28,972.7876099,541.678533,807.897108
2018-05-29,971.5134852,541.5236818,806.812399
2018-05-30,963.5542552,529.2228742,799.5726195
2018-05-31,967.2846832,530.0581724,803.4655838
2018-06-01,963.0771138,536.6737477,801.333146
2018-06-04,968.8887771,534.4183894,804.2845567
2018-06-05,971.418902,533.7634883,806.9888781
2018-06-06,973.121243,533.0436737,807.6672733
2018-06-07,971.0304489,537.3201116,806.0801073
2018-06-08,960.058253,531.1468729,796.7968986
2018-06-11,966.6975059,534.0726279,803.1830147
2018-06-12,964.060205,534.1901873,801.1248471
2018-06-13,965.7064399,532.5733832,802.0828459
2018-06-14,968.7063284,533.5435332,804.792895
2018-06-15,968.3162097,533.1424046,804.4829265
2018-06-18,960.0031775,528.6697987,796.9552696
2018-06-19,949.4673448,525.3200221,788.2178589
2018-06-20,939.9054496,521.6201185,781.0642035
2018-06-21,926.4740362,516.3155321,770.8688696
2018-06-22,931.9123468,517.5689225,776.0668434
2018-06-25,923.9472055,513.4151642,769.7606329
2018-06-26,919.791083,512.1796742,765.9470248
2018-06-27,916.9088663,511.0699626,763.291016
2018-06-28,909.1446598,502.5309076,757.5405458
2018-06-29,913.9216537,504.8165266,760.8459332
2018-07-02,910.2268046,504.3943359,758.0324777
2018-07-03,909.9155382,501.6989633,757.8138881
2018-07-04,907.1494309,503.6861649,755.816033
2018-07-05,905.9040538,501.6192057,754.5695023
2018-07-06,903.9926798,499.2703006,752.7164828
2018-07-09,910.2569513,503.038623,757.6805899
2018-07-10,914.0747431,503.2755618,760.3780469
2018-07-11,906.2657744,496.1751271,752.9839638
2018-07-12,904.1820544,495.0926836,751.0292359
2018-07-13,905.031991,494.7054952,751.9281741
2018-07-16,904.8567871,495.3288404,752.2684236
2018-07-17,902.7727932,494.5456543,749.6795242
2018-07-18,903.5497609,496.220087,750.4191523
2018-07-19,903.1625488,497.6595251,750.7211365
2018-07-20,904.642835,498.5581809,752.3729878
2018-07-23,910.8191034,500.7281386,757.4851479
2018-07-24,912.9474207,506.4281831,760.6024477
2018-07-25,910.7496626,506.2040435,758.6509814
2018-07-26,912.879937,505.07262,759.5926793
2018-07-27,913.5828023,508.9512762,761.0974186
2018-07-30,916.427401,508.5412219,763.2470546
2018-07-31,921.77267,509.127149,766.9843338
2018-08-01,923.4155675,509.9630408,768.4693416
2018-08-02,920.2043938,514.8789681,765.586101
2018-08-03,930.2734196,516.7294807,772.2151255
2018-08-06,928.6626147,518.3389358,771.6052811
2018-08-07,936.2477781,517.5838938,777.6412519
2018-08-08,943.5786002,529.0357689,783.2060969
2018-08-09,941.0578324,526.1260382,780.6481924
2018-08-10,932.3576294,522.7297113,774.3205445
2018-08-13,915.4900692,515.109733,761.2250551
2018-08-14,919.9091951,516.8128186,765.6501897
2018-08-15,925.864293,528.4112404,770.0769679
2018-08-16,921.898886,521.8446781,766.1248706
2018-08-17,926.8511035,521.1173718,770.0160889
2018-08-20,924.5119744,523.0015799,768.7157226
2018-08-21,931.947641,529.032146,774.8101012
2018-08-22,931.6221198,528.8120416,774.4741291
2018-08-23,931.7295061,531.8026046,776.8109626
2018-08-24,933.2964211,528.5567848,776.8750204
2018-08-27,933.409342,527.4143796,776.041312
2018-08-28,931.7783466,519.5864439,773.4206422
2018-08-29,931.1222131,520.2314385,772.1155609
2018-08-30,928.9988794,522.0623432,770.42592
2018-08-31,928.1197423,523.311286,770.3439765
2018-09-03,920.9415398,519.439114,764.6066651
2018-09-04,917.5288114,515.1233662,762.7594964
2018-09-05,907.1206986,510.1677539,754.6592071
2018-09-06,908.5448381,510.8796335,755.4240685
2018-09-07,905.7160819,513.7528403,753.5841941
2018-09-10,903.194205,513.777456,751.8027829
2018-09-11,904.0602442,513.8702723,752.6108542
2018-09-12,902.766087,518.3774908,751.3858473
2018-09-13,910.2714644,513.9128634,756.0935492
2018-09-14,913.1954463,514.8052023,758.8003048
2018-09-17,907.840935,510.5091517,754.5222481
2018-09-18,901.7343274,508.3783819,749.3700646
2018-09-19,904.9766229,503.237007,751.5606161
2018-09-20,908.8212912,504.8264669,754.2104638
2018-09-21,909.4610469,503.1609278,754.7581832
2018-09-24,904.3935853,500.4491585,750.5423881
2018-09-25,903.4376373,494.8841574,749.1948594
2018-09-26,904.1424336,499.8279447,751.1398171
2018-09-27,906.3711048,497.3289099,752.9152094
2018-09-28,906.9325104,499.4601935,752.9801593
2018-10-01,904.1962285,496.7712877,750.9464258
2018-10-02,901.6563206,490.4620806,749.4179099
2018-10-03,901.2471277,501.8090008,751.2906733
2018-10-04,896.6822225,494.5293298,747.3249155
2018-10-05,894.1632207,495.4785495,745.2495292
2018-10-08,889.221324,488.7037613,740.0808296
2018-10-09,887.4587608,492.4464613,740.1740823
2018-10-10,885.3055978,489.0864785,737.9011783
2018-10-11,869.4735328,480.4087528,724.9093201
2018-10-12,872.9613186,481.9530874,726.7011724
2018-10-15,865.8252298,480.0662289,721.2036055
2018-10-16,868.8574425,482.0320958,724.3534323
2018-10-17,873.6792029,491.9355704,730.2344768
2018-10-18,873.5334843,501.4883362,730.8902416
2018-10-19,875.3741703,501.1845035,732.7366417
2018-10-22,875.0761005,497.2264555,732.14111
2018-10-23,868.2805527,490.9414316,725.9357654
2018-10-24,867.9605756,485.3233538,725.3708124
2018-10-25,865.2871033,479.7467093,722.1169995
2018-10-26,865.8616863,477.9291255,723.1243656
2018-10-29,860.8179807,478.463255,718.6164137
2018-10-30,858.2874576,479.3134062,716.6403666
2018-10-31,868.7054379,486.6386967,726.6096655
2018-11-01,873.6164486,485.1218159,729.0705874
2018-11-02,878.8938835,493.1696287,734.277601
2018-11-05,874.9449035,490.2383827,731.1651775
2018-11-06,876.9650782,491.277473,732.668713
2018-11-07,881.3721587,499.6614659,738.3372367
2018-11-08,878.118531,499.5686335,735.873797
2018-11-09,865.8735423,492.2035962,726.4507171
2018-11-12,855.5603527,485.5310438,718.565848
2018-11-13,852.4744605,480.7615051,714.6440226
2018-11-14,846.4153219,474.1369654,708.6880126
2018-11-15,848.0007708,475.1053246,710.1217238
2018-11-16,853.1438181,477.5933066,713.8401343
2018-11-19,853.6709809,476.4028918,713.8789502
2018-11-20,851.8971933,475.5995715,712.4007572
2018-11-21,841.6580842,467.6728737,703.0766646
2018-11-22,839.7956371,474.2368275,702.5498095
2018-11-23,841.7463863,477.7133781,704.044795
2018-11-26,834.1343172,476.2079721,697.7315296
2018-11-27,825.3443567,477.2661899,692.0403522
2018-11-28,822.1064963,482.3636367,690.2830608
2018-11-29,830.4427739,487.9338747,696.4198965
2018-11-30,824.2168795,488.7491238,689.8870614
2018-12-03,838.720795,498.2515855,703.3492382
2018-12-04,838.3510685,489.9649881,701.7436011
2018-12-05,841.2520304,495.1684183,704.4312255
2018-12-06,827.959368,489.3282239,694.2370416
2018-12-07,828.324276,491.145896,695.4323419
2018-12-10,816.110591,488.7977383,685.6577168
2018-12-11,810.1155239,488.122599,682.2170436
2018-12-12,812.5050853,490.9980539,684.5528302
2018-12-13,818.9007232,496.9089927,690.2343049
2018-12-14,811.86774,497.7001506,685.3594692
2018-12-17,809.4315293,496.9875807,682.4485634
2018-12-18,802.2306264,495.2938191,675.6295133
2018-12-19,815.6562012,506.5368335,688.3908705
2018-12-20,809.0015012,504.6969323,683.0033905
2018-12-21,818.6361741,503.2415791,690.9799355
2018-12-24,816.1970431,506.1410012,689.2554166
2018-12-25,815.3051878,506.1410012,688.868873
2018-12-26,806.4114071,498.3407902,681.9208659
2018-12-27,815.1976611,505.6230766,689.2575253
2018-12-28,826.5067453,515.5773032,698.7821419
2018-12-31,828.6474799,522.3537613,701.1970455
2019-01-01,828.6474799,522.3537613,701.1970455
2019-01-02,819.3051822,517.8462439,692.8310126
2019-01-03,821.6071155,526.209063,696.0344255
2019-01-04,832.1029813,531.6553262,703.7321928
2019-01-07,849.7731847,536.3013705,716.894989
2019-01-08,845.216933,530.4981804,712.6822033
2019-01-09,854.9563123,544.8501244,721.3511667
2019-01-10,869.4930343,546.304733,733.090187
2019-01-11,877.8425484,547.3352284,738.8304668
2019-01-14,869.1750133,541.8512498,732.9690681
2019-01-15,878.4474909,539.6169622,739.0450641
2019-01-16,878.3888478,546.497826,739.352341
2019-01-17,880.1558768,544.5026502,739.7834163
2019-01-18,884.7989312,544.6386922,742.6077392
2019-01-21,892.9232464,550.7961017,748.589515
2019-01-22,888.4635146,553.8798772,747.4770993
2019-01-23,892.3229416,554.0725728,750.0579057
2019-01-24,896.153117,554.3629414,752.9016605
2019-01-25,906.8131127,561.451625,761.7921041
2019-01-28,912.066542,567.9161109,766.6491063
2019-01-29,901.8325193,559.5674623,758.6593126
2019-01-30,897.5904859,560.9004081,755.8696746
2019-01-31,907.1235578,561.9491166,763.0451541
2019-02-01,902.9457163,562.5706596,760.5980042
2019-02-04,900.7692406,557.092438,757.0380369
2019-02-05,901.1942042,556.5377939,757.2199216
2019-02-06,901.7964989,557.3136266,757.2095207
2019-02-07,909.1068041,564.1693376,764.4095462
2019-02-08,904.395039,570.703538,761.3299097
2019-02-11,897.9488377,566.6989802,755.8984586
2019-02-12,894.7440788,556.5046679,753.4322861
2019-02-13,899.2832416,560.4882342,757.5989231
2019-02-14,898.7111366,560.4035561,757.3061974
2019-02-15,896.921,556.2918442,756.4282419
2019-02-18,901.6069618,563.5530341,760.3960991
2019-02-19,910.99964,563.2622943,767.3378512
2019-02-20,921.8329133,569.3800903,776.0883984
2019-02-21,926.7338341,575.9224405,779.8147942
2019-02-22,919.9761742,569.2330506,773.8673962
2019-02-25,920.5569304,570.8951904,774.8896686
2019-02-26,911.8772509,558.6694712,768.3616647
2019-02-27,901.4399669,551.7237987,758.7100748
2019-02-28,890.086426,538.506017,749.542635
2019-03-01,892.4396149,536.3192007,751.2671587
2019-03-04,897.036316,539.5236399,754.7502366
2019-03-05,890.2504974,541.9574032,749.9834036
2019-03-06,893.3946968,543.9797669,752.211714
2019-03-07,890.2937488,547.1760346,750.7322476
2019-03-08,885.0563106,538.8869745,745.1358734
2019-03-11,880.375391,532.6242415,741.4625798
2019-03-12,884.4452528,533.9327121,744.9301486
2019-03-13,887.6013937,533.7107263,747.3126951
2019-03-14,885.7398088,531.862578,745.7383896
2019-03-15,888.772889,536.0572454,747.9388565
2019-03-18,893.6349424,532.4567792,750.0618502
2019-03-19,892.0613442,532.8307206,748.5366153
2019-03-20,898.3964072,534.2507705,752.8924543
2019-03-21,892.0458355,527.7724333,746.2739008
2019-03-22,893.6605059,533.0303126,748.4372402
2019-03-25,884.279078,526.6835273,739.374972
2019-03-26,886.5542447,530.8366875,741.5177528
2019-03-27,884.4503568,528.9187482,739.0231284
2019-03-28,880.7559886,531.8632378,737.3749942
2019-03-29,882.1403357,530.823007,738.0907549
2019-04-01,885.8221412,529.7519554,740.0949016
2019-04-02,890.7586423,533.8225814,745.9530483
2019-04-03,897.7917412,537.5874696,752.0561808
2019-04-04,909.5850778,545.8228994,763.8084853
2019-04-05,911.0336719,547.4116825,766.0290437
2019-04-08,911.8588953,549.4582541,765.8458224
2019-04-09,920.2907895,549.9331554,770.9526254
2019-04-10,917.3470724,546.8264841,767.6571702
2019-04-11,913.2787729,549.2480038,765.9348731
2019-04-12,916.143873,554.1790533,769.780954
2019-04-15,914.212764,558.4276742,770.449228
2019-04-16,908.4470033,560.4917286,767.5784548
2019-04-17,909.3022635,553.427812,767.099934
2019-04-18,905.6114787,551.5970475,763.9482163
2019-04-19,907.3088325,551.4329021,764.8958758
2019-04-22,905.603202,551.8415708,762.4087542
2019-04-23,905.7277059,554.5693359,762.7229239
2019-04-24,910.8013117,550.6328028,762.6028932
2019-04-25,906.2748096,548.4305586,758.6321775