latitude,longitude,acq_date
8.10262,-72.59459,7/1/20
11.13853,-72.57052,7/1/20
8.08397,-72.59709,7/1/20
7.89244,-72.56968,7/1/20
11.13278,-72.58004,7/1/20
11.08462,-72.6806,7/1/20
7.88946,-72.57478,7/1/20
11.36786,-73.01152,7/1/20
11.13565,-72.57527,7/1/20
7.8917,-72.56522,7/1/20
11.13496,-72.57114,7/1/20
11.00215,-72.70675,7/1/20
10.9957,-72.712,7/1/20
11.0336,-72.66012,7/1/20
11.08107,-72.68123,7/1/20
11.12991,-72.58481,7/1/20
10.97928,-72.72324,7/1/20
7.89691,-72.59662,7/1/20
11.08393,-72.67642,7/1/20
8.04323,-72.42352,7/1/20
8.04616,-72.41803,7/1/20
11.04682,-72.71698,7/1/20
11.04751,-72.72109,7/1/20
8.07732,-72.60289,7/1/20
5.77736,-72.87998,7/1/20
5.54452,-69.57589,7/1/20
4.53559,-68.81452,7/1/20
4.71257,-69.99259,7/1/20
8.53819,-73.42673,7/1/20
6.06861,-69.73956,7/1/20
4.83235,-68.45691,7/1/20
4.83161,-68.46165,7/1/20
5.24867,-69.1552,7/1/20
5.24922,-69.15178,7/1/20
5.24813,-69.15865,7/1/20
4.72399,-68.96908,7/1/20
3.77225,-72.43221,7/1/20
4.75814,-68.82946,7/1/20
4.75422,-68.82884,7/1/20
1.90355,-74.20469,7/1/20
-1.30946,-69.7118,7/1/20
4.72207,-68.39253,7/1/20
5.77301,-68.58292,7/1/20
5.00228,-69.49866,7/1/20
5.00255,-69.49889,7/1/20
4.99847,-69.49825,7/1/20
4.34115,-70.12479,7/1/20
4.3405,-70.12887,7/1/20
11.13518,-72.57367,7/2/20
11.13801,-72.56946,7/2/20
11.12614,-72.58262,7/2/20
11.417,-72.77139,7/2/20
11.08655,-72.67216,7/2/20
5.44612,-73.5899,7/2/20
11.12953,-72.5821,7/2/20
11.13857,-72.57314,7/2/20
4.67881,-68.4728,7/2/20
11.29301,-72.61696,7/2/20
4.67352,-68.47192,7/2/20
5.40865,-73.67654,7/3/20
8.07543,-72.60162,7/3/20
5.44914,-73.59021,7/3/20
7.89378,-72.56744,7/3/20
4.50143,-74.13972,7/3/20
7.98354,-72.47699,7/3/20
7.88991,-72.57403,7/3/20
7.89013,-72.57201,7/3/20
7.96838,-72.46091,7/3/20
7.97002,-72.47215,7/3/20
3.93385,-73.68793,7/3/20
7.90422,-72.67305,7/3/20
7.90414,-72.67084,7/3/20
8.04486,-72.41948,7/3/20
8.04537,-72.423,7/3/20
8.08331,-72.5965,7/3/20
3.22581,-75.27229,7/3/20
3.42794,-75.14822,7/3/20
4.72553,-71.78021,7/3/20
3.225,-75.26959,7/3/20
1.94498,-76.19049,7/3/20
4.4659,-70.01776,7/3/20
1.87796,-77.28909,7/3/20
8.412,-72.75292,7/3/20
7.00514,-73.8709,7/3/20
8.24578,-72.50583,7/3/20
9.33263,-74.32758,7/3/20
8.41318,-72.74974,7/3/20
8.34421,-72.84438,7/3/20
8.2454,-72.50878,7/3/20
8.24633,-72.50801,7/3/20
10.89551,-72.9897,7/3/20
8.20593,-72.50289,7/3/20
11.42306,-72.13039,7/3/20
11.12879,-72.58458,7/4/20
10.7243,-73.41866,7/4/20
11.12823,-72.5799,7/4/20
11.08542,-72.6813,7/4/20
10.98004,-72.72671,7/4/20
11.00289,-72.70964,7/4/20
11.08211,-72.6825,7/4/20
10.31817,-75.48699,7/4/20
8.09681,-72.59254,7/4/20
8.08157,-72.59457,7/4/20
8.1625,-72.88376,7/4/20
11.13379,-72.57155,7/4/20
8.73411,-72.86115,7/4/20
8.85544,-72.76826,7/4/20
8.88816,-73.87434,7/4/20
10.89763,-72.85664,7/4/20
10.65627,-73.35916,7/4/20
10.65113,-73.52429,7/4/20
8.56789,-72.71661,7/4/20
11.2201,-72.83395,7/4/20
11.21766,-72.83178,7/4/20
8.52763,-72.79066,7/4/20
8.83215,-73.31901,7/4/20
10.16418,-73.79819,7/4/20
10.97728,-72.72298,7/4/20
9.64655,-73.73118,7/4/20
9.05009,-74.00776,7/4/20
8.82858,-73.3186,7/4/20
11.04785,-72.71735,7/4/20
10.32605,-73.08223,7/4/20
10.99905,-72.71152,7/5/20
10.99378,-72.71269,7/5/20
3.92886,-73.68777,7/5/20
3.92951,-73.69162,7/5/20
10.11094,-72.95817,7/5/20
7.88811,-72.57388,7/5/20
6.41237,-69.86167,7/5/20
8.08169,-72.59438,7/5/20
9.77776,-74.89204,7/5/20
7.88923,-72.56671,7/5/20
5.99708,-69.46658,7/5/20
7.88867,-72.5703,7/5/20
6.40435,-69.87424,7/5/20
5.99601,-69.47373,7/5/20
6.41571,-69.86217,7/5/20
11.3267,-72.61993,7/6/20
10.98071,-72.72089,7/6/20
8.07519,-72.60394,7/6/20
8.07927,-72.6032,7/6/20
8.08203,-72.59481,7/6/20
11.08547,-72.67334,7/6/20
11.08246,-72.67912,7/6/20
11.03557,-72.66244,7/6/20
8.04354,-72.42166,7/6/20
7.89009,-72.57079,7/6/20
7.89452,-72.59676,7/6/20
7.89072,-72.5745,7/6/20
7.96748,-72.46191,7/6/20
7.10229,-73.55213,7/6/20
11.04488,-72.716,7/6/20
11.1364,-72.5703,7/6/20
10.97319,-72.76197,7/6/20
9.73302,-73.172,7/6/20
10.39537,-73.26354,7/6/20
9.6368,-75.26591,7/6/20
11.28724,-72.30053,7/6/20
9.84563,-73.30386,7/6/20
9.84489,-73.30818,7/6/20
10.10425,-73.85324,7/6/20
10.32144,-75.48968,7/7/20
5.32906,-69.30126,7/7/20
5.32548,-69.29193,7/7/20
7.01036,-73.31321,7/7/20
5.32502,-69.29477,7/7/20
5.38088,-69.81661,7/7/20
5.3286,-69.30412,7/7/20
5.32088,-69.29386,7/7/20
5.32586,-69.29465,7/7/20
7.01293,-73.31382,7/7/20
5.32537,-69.29748,7/7/20
5.3752,-69.81891,7/7/20
5.32986,-69.30112,7/7/20
6.75434,-73.27162,7/7/20
5.37573,-69.81579,7/7/20
4.06304,-70.32621,7/7/20
5.32455,-69.29761,7/7/20
4.16307,-70.30485,7/7/20
5.32937,-69.30396,7/7/20
4.98282,-69.40416,7/7/20
8.50493,-73.43196,7/7/20
9.21531,-74.11038,7/7/20
3.61634,-76.22556,7/7/20
7.66123,-73.73241,7/7/20
7.32772,-73.9328,7/7/20
7.01472,-73.31171,7/7/20
9.52802,-73.94717,7/7/20
7.32694,-73.93011,7/7/20
7.01172,-73.31583,7/7/20
7.13757,-73.92323,7/7/20
7.6617,-73.73195,7/7/20
1.53011,-75.29819,7/7/20
3.6188,-76.22508,7/7/20
4.50593,-71.03979,7/8/20
6.95738,-71.08836,7/8/20
5.6065,-68.00437,7/8/20
6.00804,-69.11125,7/8/20
5.00292,-68.67787,7/8/20
5.01043,-68.67336,7/8/20
4.94428,-69.73171,7/8/20
5.60521,-68.00183,7/8/20
5.00945,-68.67896,7/8/20
4.94484,-69.73254,7/8/20
4.02188,-72.64947,7/8/20
1.4417,-74.12721,7/8/20
1.34913,-75.15373,7/8/20
4.13658,-71.03797,7/8/20
1.20634,-75.84284,7/8/20
3.19061,-72.39125,7/8/20
1.52603,-74.16106,7/8/20
1.09144,-75.94205,7/8/20
1.21186,-74.16058,7/8/20
3.19634,-72.38872,7/8/20
3.43957,-73.11604,7/8/20
4.64193,-70.45645,7/8/20
2.64754,-75.40102,7/8/20
1.85569,-75.92303,7/8/20
2.64811,-75.3971,7/8/20
3.03043,-72.72453,7/8/20
3.02776,-72.72437,7/8/20
1.20283,-74.15924,7/8/20
1.43648,-74.13111,7/8/20
1.18211,-74.1747,7/8/20
3.62564,-72.0593,7/8/20
0.91229,-75.2762,7/8/20
3.71384,-76.37841,7/8/20
4.6426,-70.45187,7/8/20
3.40104,-72.24026,7/8/20
4.3724,-71.17061,7/8/20
1.79755,-74.34306,7/8/20
1.95997,-73.82893,7/8/20
3.30555,-71.97422,7/8/20
3.43835,-73.05347,7/8/20
3.08685,-75.1543,7/8/20
1.43716,-74.12655,7/8/20
1.20108,-74.1599,7/8/20
4.20684,-70.96094,7/8/20
4.13636,-71.03693,7/8/20
3.43914,-73.11894,7/8/20
1.18023,-74.17534,7/8/20
3.37926,-72.20316,7/8/20
3.59396,-72.16312,7/8/20
3.59347,-72.16652,7/8/20
3.69867,-73.09476,7/8/20
4.07839,-70.94496,7/8/20
3.08492,-72.92113,7/8/20
2.1532,-73.88194,7/8/20
1.52448,-74.1626,7/8/20
3.50613,-71.91498,7/8/20
5.55884,-74.80083,7/8/20
4.93808,-70.5329,7/8/20
4.93912,-74.87798,7/8/20
4.83306,-74.89752,7/8/20
4.69707,-74.9654,7/8/20
5.36577,-74.87506,7/8/20
4.93845,-74.88261,7/8/20
4.61343,-74.79847,7/8/20
5.62434,-69.76842,7/8/20
5.61788,-69.76759,7/8/20
5.61643,-69.77829,7/8/20
5.61716,-69.77295,7/8/20
9.24749,-73.86047,7/8/20
5.62361,-69.77377,7/8/20
10.16087,-73.99458,7/8/20
4.89302,-70.67591,7/8/20
4.96228,-68.46864,7/8/20
10.19735,-74.30531,7/8/20
4.6094,-74.82627,7/8/20
6.00087,-70.99728,7/8/20
6.04979,-74.36632,7/8/20
4.61411,-74.79385,7/8/20
4.47648,-73.11586,7/8/20
5.15843,-71.3987,7/8/20
4.47348,-73.11402,7/8/20
10.19454,-74.30432,7/8/20
4.5138,-72.31509,7/8/20
11.23071,-72.40195,7/8/20
5.77361,-72.87904,7/9/20
11.13838,-72.57086,7/9/20
11.03617,-72.65057,7/9/20
11.05052,-72.7194,7/9/20
5.77831,-72.8749,7/9/20
3.00097,-73.53459,7/9/20
2.27614,-76.01671,7/9/20
2.08026,-75.83057,7/9/20
5.53177,-69.72932,7/9/20
5.53249,-69.7243,7/9/20
5.21155,-69.43861,7/9/20
5.2097,-71.89915,7/9/20
5.87219,-69.46516,7/9/20
5.77309,-72.87968,7/9/20
4.77556,-71.62521,7/9/20
4.82874,-71.40156,7/9/20
4.84286,-71.39198,7/9/20
5.99785,-69.51114,7/9/20
2.86795,-75.28661,7/9/20
2.62642,-75.56097,7/9/20
4.9944,-71.29762,7/9/20
4.99826,-71.32957,7/9/20
5.3701,-69.80609,7/9/20
5.36941,-69.81101,7/9/20
5.36803,-69.82081,7/9/20
5.38413,-69.80813,7/9/20
5.38343,-69.81304,7/9/20
5.38742,-69.81859,7/9/20
5.39586,-69.85972,7/9/20
5.39516,-69.8646,7/9/20
5.40122,-69.8555,7/9/20
5.40052,-69.86038,7/9/20
5.39982,-69.86526,7/9/20
5.26769,-68.00506,7/9/20
5.88088,-70.39525,7/9/20
5.88607,-70.3913,7/9/20
5.77795,-70.45677,7/9/20
5.7752,-70.45944,7/9/20
5.7797,-70.46007,7/9/20
5.9375,-70.49458,7/9/20
4.8917,-70.46372,7/9/20
4.8955,-70.46871,7/9/20
0.03921,-70.07253,7/9/20
5.73996,-69.74413,7/9/20
5.73595,-69.73845,7/9/20
5.73194,-69.73273,7/9/20
5.20566,-71.89859,7/9/20
6.56035,-71.75613,7/9/20
3.35002,-76.23016,7/9/20
3.35333,-76.23065,7/9/20
3.99538,-76.40519,7/9/20
4.94791,-74.88722,7/9/20
5.12051,-74.49868,7/9/20
3.05402,-72.80504,7/9/20
3.01845,-76.64818,7/9/20
6.19531,-68.94621,7/9/20
6.1949,-68.94911,7/9/20
6.18988,-68.94839,7/9/20
6.19029,-68.94549,7/9/20
5.60572,-70.5882,7/9/20
5.57915,-70.61579,7/9/20
5.58039,-70.60705,7/9/20
4.58146,-70.43542,7/9/20
2.6355,-72.08283,7/9/20
5.23799,-70.43272,7/9/20
5.24442,-70.42,7/9/20
5.24376,-70.42444,7/9/20
5.24311,-70.42889,7/9/20
5.24246,-70.43333,7/9/20
5.24181,-70.43777,7/9/20
5.25599,-70.40343,7/9/20
5.25533,-70.40789,7/9/20
5.25206,-70.43013,7/9/20
5.24079,-70.43221,7/9/20
5.24018,-70.43665,7/9/20
5.24712,-70.41948,7/9/20
5.2465,-70.42393,7/9/20
5.25346,-70.40672,7/9/20
5.2567,-70.41628,7/9/20
5.25421,-70.4341,7/9/20
8.08154,-72.59422,7/9/20
9.65774,-75.29474,7/9/20
8.35193,-73.59518,7/9/20
11.19374,-72.66501,7/9/20
11.07997,-72.67983,7/9/20
11.13682,-72.57246,7/9/20
8.45245,-72.69765,7/9/20
8.35759,-73.60891,7/9/20
8.40375,-72.7238,7/9/20
9.60647,-75.22256,7/9/20
10.18705,-73.36424,7/9/20
9.51253,-74.97217,7/9/20
10.18634,-73.36934,7/9/20
10.34763,-74.31614,7/9/20
8.49905,-74.30576,7/9/20
11.19289,-72.66366,7/9/20
8.2364,-73.81233,7/9/20
8.35752,-73.61008,7/9/20
9.68019,-74.83887,7/9/20
10.43808,-73.19881,7/9/20
9.68049,-74.98782,7/9/20
9.6796,-74.98682,7/9/20
9.92494,-74.85925,7/9/20
9.6059,-75.27614,7/9/20
10.02828,-75.52521,7/9/20
10.16027,-73.99701,7/9/20
10.16092,-73.99232,7/9/20
10.12689,-73.8792,7/9/20
9.96661,-74.30046,7/9/20
9.98751,-74.67773,7/9/20
10.462,-73.9949,7/9/20
11.13261,-72.5719,7/9/20
11.26605,-72.66669,7/9/20
10.42788,-73.98915,7/9/20
10.46169,-73.99345,7/9/20
8.24969,-72.63293,7/9/20
8.39974,-72.72324,7/9/20
7.89073,-72.57316,7/10/20
11.00162,-72.7104,7/10/20
9.75857,-73.47604,7/10/20
10.98114,-72.7227,7/10/20
11.04592,-72.71885,7/10/20
11.08509,-72.6795,7/10/20
11.08654,-72.67719,7/10/20
11.08424,-72.67527,7/10/20
10.99711,-72.71081,7/10/20
10.99579,-72.71174,7/10/20
11.00293,-72.7094,7/10/20
9.76429,-73.47495,7/10/20
7.89322,-72.57135,7/10/20
9.66917,-75.54137,7/10/20
5.77874,-72.88326,7/10/20
8.08298,-72.59776,7/10/20
5.90012,-69.44498,7/10/20
8.13739,-72.91817,7/10/20
5.46298,-67.73375,7/10/20
4.9094,-69.13484,7/10/20
3.5077,-75.33933,7/10/20
4.91298,-69.13537,7/10/20
4.531,-69.68716,7/10/20
3.49883,-71.40678,7/10/20
10.4263,-73.06594,7/10/20
10.2189,-74.29416,7/10/20
10.21945,-74.29062,7/10/20
4.58669,-69.21724,7/10/20
4.58965,-69.22177,7/10/20
4.68723,-69.76081,7/10/20
4.8298,-68.38371,7/10/20
10.1759,-73.77891,7/10/20
9.67975,-74.9875,7/10/20
0.22604,-70.16196,7/10/20
3.08948,-72.92215,7/10/20
3.15364,-72.78792,7/10/20
3.15698,-72.78842,7/10/20
3.15644,-72.79194,7/10/20
3.16031,-72.78893,7/10/20
3.49831,-71.41024,7/10/20
3.15978,-72.79244,7/10/20
3.16312,-72.79295,7/10/20
9.10635,-73.35325,7/10/20
8.81367,-73.24975,7/10/20
4.21694,-70.47186,7/10/20
9.64512,-75.25278,7/10/20
9.60197,-75.21515,7/10/20
9.67711,-73.14941,7/10/20
4.5924,-69.34885,7/10/20
9.74429,-73.0433,7/10/20
8.73145,-73.54261,7/10/20
4.73221,-68.96652,7/10/20
3.07354,-72.26588,7/10/20
3.02031,-72.01466,7/10/20
9.67968,-75.30122,7/10/20
9.6796,-75.30087,7/10/20
5.77347,-72.88098,7/10/20
4.40486,-70.17986,7/10/20
11.49524,-72.93032,7/10/20
11.0817,-72.67673,7/10/20
10.76231,-74.33896,7/10/20
11.26598,-72.76057,7/10/20
10.4285,-73.99212,7/10/20
10.98556,-74.69352,7/10/20
10.9889,-74.69405,7/10/20
11.13408,-72.57572,7/10/20
10.985,-74.69711,7/10/20
8.25861,-76.13474,7/11/20
3.37306,-73.17599,7/11/20
3.36938,-73.17118,7/11/20
11.33105,-72.31372,7/11/20
3.37043,-73.19267,7/11/20
3.5343,-73.75676,7/11/20
3.53182,-73.75491,7/11/20
4.30814,-75.10082,7/12/20
5.18816,-73.87939,7/12/20
5.19095,-73.87527,7/12/20
11.08455,-72.67568,7/12/20
5.19928,-73.86272,7/12/20
11.08513,-72.67928,7/12/20
11.08178,-72.67989,7/12/20
11.14643,-72.53482,7/12/20
2.96585,-75.25172,7/12/20
1.34166,-74.17242,7/12/20
1.66116,-74.09234,7/12/20
1.33511,-74.17138,7/12/20
1.52167,-74.13305,7/12/20
1.5211,-74.13213,7/12/20
7.96945,-72.45922,7/13/20
8.08394,-72.59485,7/13/20
8.07808,-72.60365,7/13/20
8.04541,-72.42023,7/13/20
8.04381,-72.42087,7/13/20
8.79823,-72.95335,7/13/20
11.13717,-72.57227,7/13/20
11.14079,-72.57174,7/13/20
11.20866,-72.91615,7/13/20
11.20926,-72.91515,7/13/20
5.36996,-68.97221,7/13/20
11.03522,-72.64506,7/13/20
3.12042,-72.30756,7/13/20
2.10576,-73.80743,7/13/20
3.38077,-72.2206,7/13/20
3.38438,-72.19493,7/13/20
3.37783,-72.19846,7/13/20
3.37843,-72.19416,7/13/20
3.37248,-72.1934,7/13/20
3.3826,-72.22235,7/13/20
3.38108,-72.19167,7/13/20
3.38045,-72.19598,7/13/20
3.3745,-72.19523,7/13/20
3.37513,-72.19093,7/13/20
3.18426,-72.87689,7/13/20
3.18368,-72.88074,7/13/20
3.1809,-72.87931,7/13/20
3.18604,-72.8838,7/13/20
3.36487,-72.58476,7/13/20
3.12399,-73.20396,7/13/20
3.12311,-73.20684,7/13/20
1.777,-73.92478,7/13/20
1.9427,-73.85463,7/13/20
3.43965,-72.10529,7/13/20
3.43903,-72.10966,7/13/20
3.44028,-72.10092,7/13/20
3.43431,-72.10003,7/13/20
3.42835,-72.09909,7/13/20
3.19322,-72.53998,7/13/20
3.19204,-72.54805,7/13/20
3.51447,-71.40403,7/13/20
3.44437,-72.19919,7/13/20
3.43252,-72.19729,7/13/20
9.60528,-75.24191,7/13/20
9.80393,-75.03112,7/13/20
8.96693,-72.80976,7/13/20
9.58983,-75.24234,7/13/20
4.47183,-74.93943,7/13/20
4.38455,-74.7309,7/13/20
4.38497,-74.72794,7/13/20
9.96195,-75.03629,7/13/20
9.99349,-73.18729,7/13/20
11.29352,-72.99341,7/13/20
4.3458,-75.1471,7/13/20
8.93366,-72.87766,7/13/20
9.60844,-75.25966,7/13/20
8.93374,-72.87617,7/13/20
4.34469,-75.14418,7/13/20
4.92532,-74.87207,7/13/20
10.59245,-72.92619,7/13/20
3.50919,-72.65069,7/13/20
7.58094,-74.78739,7/13/20
7.58049,-74.79069,7/13/20
7.61556,-74.77148,7/13/20
7.61414,-74.77137,7/13/20
3.50978,-72.64668,7/13/20
9.83555,-75.04068,7/13/20
9.83826,-75.04165,7/13/20
9.66537,-75.31835,7/13/20
9.56266,-75.16105,7/13/20
6.33366,-74.74879,7/13/20
7.23416,-74.02003,7/13/20
7.25284,-74.00743,7/13/20
6.33387,-74.75068,7/13/20
9.83657,-75.09935,7/13/20
9.589,-75.24298,7/13/20
8.9934,-74.11935,7/13/20
8.99638,-74.11895,7/13/20
3.62229,-72.2342,7/13/20
6.39773,-74.94189,7/13/20
9.10024,-73.97608,7/13/20
10.59193,-72.93053,7/13/20
9.10405,-73.97731,7/13/20
3.68144,-71.68559,7/13/20
3.68074,-71.69032,7/13/20
3.68086,-71.688,7/13/20
8.52218,-73.99991,7/13/20
9.571,-75.13844,7/13/20
9.56221,-75.16447,7/13/20
9.63212,-75.2426,7/13/20
5.29049,-74.62024,7/13/20
9.56026,-75.22129,7/13/20
5.15199,-68.45219,7/14/20
5.47847,-73.52676,7/14/20
7.89279,-72.5687,7/14/20
10.8379,-73.24425,7/14/20
7.89351,-72.5737,7/14/20
3.93259,-73.68832,7/14/20
8.04415,-72.42144,7/14/20
7.89206,-72.56365,7/14/20
5.1555,-68.45167,7/14/20
2.70364,-76.54379,7/14/20
5.29818,-70.40495,7/14/20
5.299,-70.39922,7/14/20
5.29757,-70.40926,7/14/20
5.30319,-70.40562,7/14/20
3.7868,-75.35343,7/14/20
5.8334,-70.45095,7/14/20
5.83299,-70.45385,7/14/20
5.00593,-70.77089,7/14/20
4.91486,-70.58492,7/14/20
4.91978,-70.58559,7/14/20
1.80601,-76.96674,7/14/20
1.61428,-77.40649,7/14/20
6.34902,-71.85327,7/14/20
6.34835,-71.85808,7/14/20
6.35226,-71.86358,7/14/20
5.35112,-70.21574,7/14/20
5.35069,-70.2187,7/14/20
5.3562,-70.21642,7/14/20
5.34931,-70.21799,7/14/20
5.3548,-70.21571,7/14/20
5.35439,-70.21868,7/14/20
2.89721,-76.52811,7/14/20
2.19452,-75.82599,7/14/20
4.96838,-70.31516,7/14/20
4.96797,-70.31805,7/14/20
3.50534,-71.8073,7/14/20
3.50547,-71.80856,7/14/20
3.47774,-72.78357,7/14/20
3.47827,-72.77985,7/14/20
2.02508,-74.26031,7/14/20
3.53029,-75.25887,7/14/20
3.52673,-75.25833,7/14/20
3.52734,-75.25431,7/14/20
3.52258,-75.26176,7/14/20
3.52317,-75.2578,7/14/20
3.46216,-75.22737,7/14/20
3.55783,-75.41106,7/14/20
5.58631,-70.57124,7/14/20
5.58551,-70.57687,7/14/20
5.58711,-70.5656,7/14/20
4.87097,-74.79279,7/14/20
4.87162,-74.78836,7/14/20
4.86852,-70.77208,7/14/20
3.68756,-72.37706,7/14/20
3.68814,-72.37308,7/14/20
3.75886,-76.4811,7/14/20
3.75546,-76.48065,7/14/20
3.56166,-76.48755,7/14/20
5.07902,-68.73709,7/14/20
4.23621,-72.1916,7/14/20
4.23681,-72.18739,7/14/20
4.23246,-72.18679,7/14/20
4.2263,-72.19876,7/14/20
4.2269,-72.19457,7/14/20
3.28778,-72.09856,7/14/20
4.96119,-71.44753,7/14/20
3.89093,-69.00938,7/14/20
5.6891,-76.6582,7/14/20
5.77332,-72.87891,7/14/20
4.32215,-69.17941,7/14/20
4.31965,-69.18144,7/14/20
10.58917,-73.06454,7/14/20
11.29896,-72.99254,7/14/20
10.41676,-73.05339,7/14/20
11.30354,-72.99306,7/14/20
8.65674,-73.9455,7/14/20
8.93005,-72.87494,7/14/20
8.93493,-72.8394,7/14/20
11.29981,-72.99048,7/14/20
11.30439,-72.99105,7/14/20
8.21554,-72.49373,7/14/20
8.16394,-72.50087,7/14/20
8.32997,-73.59859,7/14/20
6.544,-73.87666,7/14/20
8.14402,-72.51231,7/14/20
8.142,-72.51263,7/14/20
8.38193,-73.62505,7/14/20
10.40991,-73.0704,7/14/20
8.33729,-73.82391,7/14/20
8.73965,-72.95498,7/14/20
8.73578,-74.15196,7/14/20
8.43637,-73.60927,7/14/20
7.01041,-73.3149,7/14/20
10.21797,-73.78874,7/14/20
8.86129,-73.8116,7/14/20
9.81343,-73.20486,7/14/20
8.81188,-73.50955,7/14/20
6.35649,-71.85844,7/15/20
6.35589,-71.8541,7/15/20
10.31997,-75.48777,7/15/20
4.35738,-76.13235,7/15/20
3.44809,-73.74416,7/15/20
4.10797,-75.29744,7/15/20
8.40222,-72.72394,7/15/20
3.93132,-73.68951,7/15/20
8.74421,-73.6607,7/15/20
8.74088,-73.66018,7/15/20
8.27571,-73.73151,7/15/20
3.7899,-74.46465,7/15/20
8.08187,-72.59607,7/15/20
8.07756,-73.8543,7/15/20
6.22993,-75.96795,7/15/20
6.671,-73.84264,7/15/20
8.87134,-74.08266,7/15/20
6.6677,-73.84214,7/15/20
8.2512,-72.41917,7/15/20
8.25066,-72.42293,7/15/20
8.70827,-73.56128,7/15/20
8.70494,-73.56078,7/15/20
8.65789,-73.51038,7/15/20
8.65841,-73.50681,7/15/20
5.87319,-74.62656,7/15/20
6.02021,-70.16798,7/15/20
4.04973,-70.90035,7/15/20
4.04621,-70.89983,7/15/20
7.5041,-74.99591,7/15/20
4.46574,-68.84116,7/15/20
4.46177,-68.84059,7/15/20
7.00649,-74.76288,7/15/20
7.00596,-74.76634,7/15/20
4.98281,-74.98763,7/15/20
8.61691,-73.49229,7/15/20
8.60322,-73.51552,7/15/20
8.60374,-73.512,7/15/20
8.59463,-73.48161,7/15/20
4.06028,-70.90192,7/15/20
8.58227,-73.54163,7/15/20
8.59129,-73.48114,7/15/20
8.53501,-73.4698,7/15/20
8.45967,-73.61256,7/15/20
8.43608,-73.58821,7/15/20
8.44602,-73.52131,7/15/20
8.44268,-73.5209,7/15/20
8.44341,-73.4241,7/15/20
4.11278,-70.66926,7/15/20
8.74369,-73.66422,7/15/20
7.78459,-72.56918,7/15/20
8.54687,-72.64673,7/15/20
8.78504,-73.56928,7/15/20
4.76514,-70.72937,7/15/20
4.5749,-70.50061,7/15/20
4.57851,-70.50112,7/15/20
8.33276,-72.84197,7/15/20
4.17683,-75.01623,7/15/20
8.971,-73.52596,7/15/20
6.78405,-74.57471,7/15/20
4.39064,-74.97207,7/15/20
4.27483,-74.98329,7/15/20
6.32097,-74.73978,7/15/20
4.95984,-69.96397,7/15/20
4.95919,-69.96847,7/15/20
8.39128,-73.59466,7/15/20
8.22682,-72.39589,7/15/20
8.33206,-73.53548,7/15/20
3.37339,-76.22262,7/15/20
3.32727,-76.33146,7/15/20
3.32011,-75.45834,7/15/20
8.32593,-73.53093,7/15/20
8.30824,-73.53544,7/15/20
3.92476,-74.9841,7/15/20
3.86978,-75.00516,7/15/20
1.98709,-77.56437,7/15/20
7.97296,-75.50319,7/15/20
8.52559,-74.05616,7/15/20
4.11084,-75.30142,7/15/20
4.69285,-76.11698,7/15/20
9.75559,-74.20429,7/15/20
10.66674,-72.88611,7/15/20
11.09474,-73.23695,7/15/20
10.39948,-73.06261,7/15/20
10.9015,-72.85356,7/15/20
10.59842,-72.94553,7/15/20
10.60186,-72.94595,7/15/20
10.60132,-72.94965,7/15/20
10.66328,-72.8857,7/15/20
10.26179,-73.16669,7/15/20
10.24535,-73.16041,7/15/20
10.16351,-73.99393,7/15/20
11.22378,-72.48756,7/15/20
10.40793,-73.05253,7/15/20
10.10571,-73.39771,7/15/20
10.30568,-73.72231,7/15/20
11.14766,-73.23238,7/15/20
10.13029,-73.46456,7/15/20
10.12976,-73.46819,7/15/20
11.11524,-72.87439,7/15/20
10.13366,-73.46507,7/15/20
9.72386,-73.11339,7/15/20
9.75612,-74.2008,7/15/20
10.19312,-73.15623,7/15/20
11.24393,-72.34655,7/15/20
10.33819,-73.07679,7/15/20
10.7504,-72.76511,7/15/20
10.29081,-73.18187,7/15/20
9.80587,-75.06118,7/15/20
10.13312,-73.46868,7/15/20
9.75228,-74.20379,7/15/20
10.14245,-75.3053,7/15/20
10.13649,-73.46919,7/15/20
10.13909,-72.97865,7/15/20
10.14306,-72.97523,7/15/20
10.15549,-73.36413,7/15/20
10.15886,-73.36462,7/15/20
9.99819,-75.09196,7/15/20
10.40521,-73.07107,7/15/20
9.75629,-74.15421,7/15/20
10.35765,-73.15836,7/15/20
11.08123,-72.67696,7/15/20
9.8644,-74.92459,7/15/20
9.93272,-75.07828,7/15/20
9.74618,-74.19929,7/15/20
9.7467,-74.19579,7/15/20
11.11873,-72.87462,7/15/20
9.77369,-73.08054,7/15/20
11.19788,-72.34,7/15/20
11.19433,-72.33951,7/15/20
9.72672,-73.11749,7/15/20
10.79882,-72.81438,7/15/20
10.25685,-74.00532,7/15/20
10.38749,-73.99342,7/15/20
10.29612,-73.92448,7/15/20
10.6702,-72.88649,7/15/20
10.29944,-73.92503,7/15/20
9.93602,-75.0788,7/15/20
9.76308,-73.15255,7/15/20
10.42203,-73.98793,7/15/20
9.72973,-73.0733,7/15/20
10.26764,-73.60889,7/15/20
9.47184,-74.05894,7/15/20
10.14884,-73.74813,7/15/20
10.00952,-73.17143,7/15/20
10.18918,-73.15942,7/15/20
10.34622,-73.49506,7/15/20
10.48517,-73.26469,7/15/20
10.48463,-73.26839,7/15/20
10.19258,-73.15988,7/15/20
10.56946,-73.12128,7/15/20
9.63657,-73.20375,7/15/20
10.58734,-73.16598,7/15/20
11.27036,-72.81973,7/15/20
11.2698,-72.82362,7/15/20
11.27383,-72.82024,7/15/20
11.27327,-72.82412,7/15/20
11.2899,-72.92933,7/15/20
10.22111,-75.59038,7/15/20
9.72725,-73.11389,7/15/20
10.66617,-73.34406,7/15/20
10.49235,-73.0493,7/15/20
10.49182,-73.05294,7/15/20
10.5619,-72.95579,7/15/20
10.5693,-72.95304,7/15/20
10.60092,-72.90394,7/15/20
11.29681,-72.93036,7/15/20
10.59497,-72.94512,7/15/20
10.3582,-73.15464,7/15/20
11.13674,-72.57692,7/16/20
10.96636,-73.21933,7/16/20
11.00323,-72.709,7/16/20
11.00261,-72.70626,7/16/20
11.08539,-72.67385,7/16/20
11.08215,-72.68185,7/16/20
11.08162,-72.6801,7/16/20
10.96493,-73.21748,7/16/20
11.08591,-72.67532,7/16/20
11.08634,-72.67892,7/16/20
11.1491,-72.53575,7/16/20
4.5008,-74.13969,7/16/20
5.76655,-72.9333,7/16/20
4.08218,-74.9229,7/16/20
8.21358,-72.40459,7/16/20
11.31593,-73.19544,7/16/20
3.05764,-76.69505,7/16/20
8.58623,-72.74709,7/16/20
4.50559,-70.68084,7/16/20
7.21401,-74.02771,7/16/20
7.2179,-74.02835,7/16/20
6.98589,-74.32098,7/16/20
3.04304,-76.72146,7/16/20
6.91283,-73.92528,7/16/20
6.91672,-73.9259,7/16/20
7.37838,-73.37476,7/16/20
8.21087,-74.02795,7/16/20
3.93588,-70.67223,7/16/20
3.94215,-70.67696,7/16/20
4.85542,-70.86749,7/16/20
8.38317,-73.58695,7/16/20
8.36878,-73.6049,7/16/20
8.37113,-73.56684,7/16/20
8.35844,-73.57436,7/16/20
8.35167,-73.59238,7/16/20
8.35471,-73.57378,7/16/20
3.87653,-70.91936,7/16/20
8.34421,-73.61459,7/16/20
8.32548,-73.63517,7/16/20
7.9228,-72.50256,7/16/20
8.32334,-73.55526,7/16/20
8.32135,-73.55685,7/16/20
7.18089,-73.95451,7/16/20
7.18257,-73.95204,7/16/20
3.66863,-76.23418,7/16/20
4.12188,-70.50882,7/16/20
3.97472,-70.7846,7/16/20
3.30307,-73.28307,7/16/20
8.37121,-73.70871,7/16/20
4.35688,-70.27859,7/16/20
4.35351,-70.27808,7/16/20
4.34373,-70.20704,7/16/20
4.98038,-70.67274,7/16/20
4.97699,-70.67221,7/16/20
4.97612,-70.67175,7/16/20
6.35749,-73.97977,7/16/20
6.58269,-74.07932,7/16/20
6.67989,-74.12359,7/16/20
3.92996,-73.6894,7/16/20
5.30298,-69.416,7/16/20
5.36793,-69.3446,7/16/20
5.99226,-69.36903,7/16/20
5.99556,-69.36952,7/16/20
9.73451,-74.20144,7/16/20
9.73391,-74.20387,7/16/20
9.7377,-74.20448,7/16/20
9.76199,-74.19894,7/16/20
10.24802,-73.73255,7/16/20
10.20524,-73.67356,7/16/20
10.20608,-73.80724,7/16/20
5.99174,-69.37247,7/16/20
5.99504,-69.37298,7/16/20
5.99452,-69.37643,7/16/20
6.00165,-69.37398,7/16/20
6.00495,-69.37447,7/16/20
6.00443,-69.37793,7/16/20
4.03813,-74.86509,7/16/20
9.34701,-73.95802,7/16/20
9.34433,-73.95547,7/16/20
9.80673,-75.32109,7/16/20
9.79456,-75.31905,7/16/20
6.33821,-73.925,7/16/20
4.55512,-69.26664,7/16/20
4.56174,-69.26764,7/16/20
5.15095,-69.81113,7/16/20
5.14763,-69.81062,7/16/20
5.14431,-69.81012,7/16/20
5.14484,-69.80663,7/16/20
6.36451,-74.89227,7/16/20
10.16643,-73.6812,7/16/20
9.8619,-74.8747,7/16/20
10.16016,-73.78769,7/16/20
6.2806,-74.77969,7/16/20
6.28118,-74.7762,7/16/20
6.28293,-74.77917,7/16/20
6.26984,-74.70219,7/16/20
5.77278,-69.31699,7/16/20
5.77226,-69.32043,7/16/20
9.84996,-75.04153,7/16/20
6.83963,-74.4782,7/16/20
9.85052,-75.0382,7/16/20
6.78113,-74.60763,7/16/20
6.78171,-74.60411,7/16/20
6.3604,-74.8912,7/16/20
9.6434,-75.29836,7/16/20
9.68617,-75.29223,7/16/20
9.64456,-73.47843,7/16/20
9.69736,-75.37404,7/16/20
10.49533,-73.2942,7/16/20
5.47362,-69.11805,7/16/20
4.53246,-69.0574,7/16/20
7.89383,-72.59383,7/16/20
1.95011,-77.2731,7/16/20
7.88994,-72.57233,7/16/20
7.89059,-72.56824,7/16/20
4.08536,-70.67981,7/16/20
11.0827,-72.67661,7/17/20
11.13774,-72.57533,7/17/20
11.14926,-72.53495,7/17/20
11.14353,-72.54449,7/17/20
11.13819,-72.56969,7/17/20
11.00076,-72.70724,7/17/20
11.1353,-72.57445,7/17/20
11.13902,-72.55247,7/17/20
8.08223,-72.59648,7/17/20
7.89213,-72.56718,7/17/20
5.40247,-73.68015,7/17/20
8.07556,-72.60227,7/17/20
11.13779,-72.55403,7/17/20
11.08623,-72.67587,7/17/20
8.35917,-75.55812,7/17/20
11.12953,-72.58398,7/17/20
5.76571,-72.93365,7/17/20
11.08338,-72.68068,7/17/20
8.47447,-75.42802,7/17/20
11.13704,-72.5712,7/17/20
5.18805,-73.88029,7/17/20
11.13241,-72.57922,7/17/20
5.40542,-73.67545,7/17/20
11.03303,-72.65928,7/17/20
11.07983,-72.68132,7/17/20
3.22926,-76.36742,7/17/20
7.24771,-74.63585,7/17/20
7.24839,-74.63206,7/17/20
4.94866,-70.06222,7/17/20
4.96723,-69.78599,7/17/20
6.33562,-74.91093,7/17/20
4.96784,-69.78219,7/17/20
2.9124,-75.30111,7/17/20
8.43944,-73.6171,7/17/20
4.96244,-69.78913,7/17/20
8.44,-73.61392,7/17/20
3.69703,-76.46699,7/17/20
3.75825,-76.26986,7/17/20
6.08318,-71.86152,7/17/20
8.43492,-73.61293,7/17/20
6.08796,-71.86188,7/17/20
3.76477,-76.271,7/17/20
8.43555,-73.60938,7/17/20
6.90048,-73.83386,7/17/20
3.98294,-76.32159,7/17/20
4.45507,-74.85168,7/17/20
9.7613,-75.08777,7/17/20
7.59241,-74.70827,7/17/20
8.41747,-73.62235,7/17/20
8.41241,-73.62127,7/17/20
2.78425,-76.69246,7/17/20
6.02441,-69.23376,7/17/20
4.51666,-75.85553,7/17/20
4.28387,-76.12758,7/17/20
4.28233,-76.13024,7/17/20
4.28324,-76.12492,7/17/20
9.56921,-75.01957,7/17/20
9.56987,-75.01601,7/17/20
5.45894,-67.71585,7/17/20
6.08686,-71.85948,7/17/20
11.15882,-74.17141,7/17/20
10.30737,-73.10097,7/17/20
10.30727,-73.10387,7/17/20
9.5682,-75.33671,7/17/20
5.45929,-67.71254,7/17/20
10.50479,-73.88327,7/17/20
3.69882,-76.46733,7/17/20
6.08612,-71.86395,7/17/20
5.93008,-74.59733,7/17/20
11.13518,-72.57162,7/17/20
9.64567,-75.21966,7/17/20
6.37529,-74.92711,7/17/20
6.33657,-74.91147,7/17/20
9.69567,-75.28495,7/17/20
9.65467,-75.32668,7/17/20
4.45446,-74.85532,7/17/20
5.40798,-74.92663,7/17/20
0.40428,-76.99199,7/17/20
4.31093,-76.14394,7/17/20
5.02553,-76.00905,7/17/20
1.75393,-77.59815,7/17/20
5.44338,-72.45363,7/18/20
11.1298,-72.57931,7/18/20
3.27826,-76.47552,7/18/20
3.56256,-76.49113,7/18/20
7.90288,-72.67176,7/18/20
10.32058,-75.48904,7/18/20
4.50085,-74.14053,7/18/20
11.12925,-72.5827,7/18/20
4.30961,-75.09972,7/18/20
10.4869,-73.15008,7/18/20
11.13547,-72.57086,7/18/20
7.96232,-73.5676,7/18/20
3.15755,-76.62713,7/18/20
11.13941,-72.57404,7/18/20
11.13602,-72.57456,7/18/20
11.13319,-72.57878,7/18/20
11.1343,-72.58617,7/18/20
1.35683,-77.54209,7/18/20
1.5981,-76.95583,7/18/20
1.35849,-77.5448,7/18/20
1.35458,-77.54514,7/18/20
6.09154,-69.81077,7/18/20
8.66941,-72.88222,7/18/20
6.09379,-69.8311,7/18/20
10.07129,-73.39777,7/18/20
10.72257,-72.85271,7/18/20
6.09515,-69.82333,7/18/20
1.93766,-77.16711,7/18/20
5.18404,-74.41784,7/18/20
7.33093,-73.9322,7/18/20
3.38886,-76.47384,7/18/20
6.69245,-75.07529,7/18/20
10.65389,-74.04305,7/18/20
10.65207,-74.04534,7/18/20
7.32471,-73.93147,7/18/20
7.31229,-73.92995,7/18/20
9.77899,-75.07161,7/18/20
9.76948,-75.10043,7/18/20
6.97391,-75.14551,7/18/20
3.39221,-76.47718,7/18/20
6.21449,-75.43551,7/18/20
3.45711,-72.97919,7/18/20
7.80789,-74.92853,7/18/20
6.69382,-75.08049,7/18/20
6.35868,-74.6617,7/18/20
6.35928,-74.6573,7/18/20
5.18496,-74.41586,7/18/20
6.36451,-74.66263,7/18/20
5.1845,-74.41443,7/18/20
9.58647,-75.05773,7/18/20
9.59245,-75.05824,7/18/20
9.59188,-75.06282,7/18/20
6.70607,-74.58662,7/18/20
9.54989,-75.22151,7/18/20
9.55577,-75.22229,7/18/20
9.55436,-75.22217,7/18/20
3.03107,-76.61878,7/18/20
3.02751,-76.62181,7/18/20
3.45372,-72.98775,7/18/20
9.56513,-75.28032,7/18/20
6.15892,-74.94995,7/18/20
8.82947,-74.0723,7/18/20
9.59577,-75.27343,7/18/20
6.21474,-75.43557,7/18/20
8.64613,-73.48862,7/18/20
8.63182,-74.1567,7/18/20
9.43208,-74.02942,7/18/20
8.63111,-74.16212,7/18/20
8.65499,-74.16128,7/18/20
3.49268,-72.93781,7/18/20
3.4934,-72.93278,7/18/20
3.4676,-72.97969,7/18/20
3.45566,-72.989,7/18/20
9.49801,-75.39426,7/18/20
9.56107,-75.06792,7/18/20
9.47208,-75.41249,7/18/20
8.83384,-74.08787,7/18/20
8.64667,-73.48431,7/18/20
8.82718,-74.07096,7/18/20
8.83106,-74.09142,7/18/20
6.69195,-75.07893,7/18/20
6.6943,-75.07683,7/18/20
6.16037,-74.95226,7/18/20
6.21953,-74.9454,7/18/20
5.53146,-75.00067,7/18/20
5.53427,-74.99976,7/18/20
2.87838,-75.32435,7/18/20
8.58196,-73.5834,7/18/20
3.45638,-72.9841,7/18/20
3.46961,-72.98093,7/18/20
7.37244,-74.77411,7/18/20
7.37345,-74.77545,7/18/20
7.37399,-74.77149,7/18/20
4.94377,-71.37409,7/18/20
7.11297,-74.06912,7/18/20
4.35897,-76.1274,7/18/20
4.35942,-76.12433,7/18/20
7.11359,-74.0644,7/18/20
5.97176,-74.41692,7/18/20
3.46066,-72.98371,7/18/20
9.59579,-75.3678,7/18/20
9.5899,-75.36748,7/18/20
9.55759,-75.38919,7/18/20
3.45441,-72.98284,7/18/20
11.1382,-72.57153,7/19/20
5.37352,-73.69045,7/19/20
11.13439,-72.57654,7/19/20
7.95245,-72.49097,7/19/20
5.19021,-73.88097,7/19/20
7.89075,-72.57492,7/19/20
11.13379,-72.57215,7/19/20
5.44837,-73.58833,7/19/20
5.40394,-73.68008,7/19/20
11.03699,-72.65057,7/19/20
11.13499,-72.58092,7/19/20
5.47135,-73.55206,7/19/20
3.85093,-73.65151,7/19/20
8.04592,-72.42002,7/19/20
7.89018,-72.57101,7/19/20
5.40766,-73.67493,7/19/20
5.19036,-73.87901,7/19/20
3.93408,-73.6897,7/19/20
11.13118,-72.58591,7/19/20
11.11613,-72.57452,7/19/20
5.18959,-73.8766,7/19/20
11.13058,-72.58152,7/19/20
3.62565,-76.38084,7/19/20
2.21423,-77.44443,7/19/20
2.23363,-74.68799,7/19/20
1.71585,-75.4377,7/19/20
6.00691,-68.06008,7/19/20
4.84062,-69.40238,7/19/20
3.07047,-76.78511,7/19/20
3.82596,-75.00094,7/19/20
3.07022,-76.78442,7/19/20
4.70493,-69.43804,7/19/20
6.00036,-68.05933,7/19/20
0.70758,-75.92909,7/19/20
7.59728,-73.81954,7/19/20
8.90525,-72.99377,7/19/20
8.75937,-73.65788,7/19/20
8.80309,-73.58286,7/19/20
8.75891,-72.89644,7/19/20
8.76765,-72.8687,7/19/20
8.39172,-75.37077,7/19/20
8.69491,-72.8382,7/19/20
8.69411,-72.84402,7/19/20
8.70168,-72.86253,7/19/20
8.69047,-72.84172,7/19/20
8.7292,-72.89281,7/19/20
8.74527,-73.65622,7/19/20
8.74461,-73.66117,7/19/20
6.3022,-71.85091,7/19/20
8.47801,-73.42555,7/19/20
8.59387,-73.50616,7/19/20
8.5931,-73.51173,7/19/20
8.46063,-72.7226,7/19/20
5.90636,-71.80178,7/19/20
8.64127,-73.48569,7/19/20
8.66097,-74.00325,7/19/20
8.66109,-74.00613,7/19/20
8.2386,-72.39362,7/19/20
7.59624,-73.82139,7/19/20
7.59948,-73.83128,7/19/20
7.6006,-73.82949,7/19/20
10.94428,-73.03326,7/19/20
8.1317,-72.54816,7/19/20
8.13131,-72.55109,7/19/20
6.89147,-74.35564,7/19/20
6.89289,-74.35597,7/19/20
6.89723,-74.35659,7/19/20
6.94868,-73.98077,7/19/20
7.14567,-73.92894,7/19/20
7.72228,-74.4534,7/19/20
7.92713,-75.55039,7/19/20
6.21502,-76.17727,7/19/20
6.21434,-76.18204,7/19/20
9.56276,-75.38405,7/19/20
9.59056,-75.33724,7/19/20
9.59848,-75.3424,7/19/20
9.60447,-75.36165,7/19/20
9.60398,-75.36528,7/19/20
9.24724,-74.09401,7/19/20
9.11881,-73.48746,7/19/20
9.1182,-73.49206,7/19/20
6.42017,-75.77464,7/19/20
6.49482,-75.0484,7/19/20
9.20466,-73.85939,7/19/20
9.20399,-73.86431,7/19/20
9.2026,-73.86234,7/19/20
9.20196,-73.86726,7/19/20
9.37009,-73.36105,7/19/20
9.36944,-73.3659,7/19/20
5.83132,-74.87555,7/19/20
5.83078,-74.87925,7/19/20
5.83659,-74.97588,7/19/20
5.9049,-74.96696,7/19/20
10.46483,-74.77117,7/19/20
6.82837,-74.58019,7/19/20
6.82778,-74.58432,7/19/20
10.22036,-73.15385,7/19/20
10.22601,-73.14922,7/19/20
10.23455,-73.16113,7/19/20
10.32049,-73.13046,7/19/20
10.32557,-73.13034,7/19/20
11.19611,-72.80895,7/19/20
11.1956,-72.98071,7/19/20
11.19522,-72.98372,7/19/20
11.25796,-72.65016,7/19/20
11.25756,-72.65338,7/19/20
11.39256,-72.82136,7/19/20
11.07887,-72.67873,7/19/20
11.0785,-72.68172,7/19/20
11.03731,-72.65326,7/20/20
8.32023,-72.85654,7/20/20
6.72853,-74.67315,7/20/20
5.86969,-74.63246,7/20/20
3.06581,-72.35478,7/20/20
8.27554,-72.79967,7/20/20
3.30846,-72.65795,7/20/20
3.06523,-72.35867,7/20/20
8.27304,-72.79876,7/20/20
8.28987,-72.91402,7/20/20
8.31661,-72.85603,7/20/20
4.06191,-71.50594,7/20/20
8.28556,-72.91846,7/20/20
3.04492,-73.03611,7/20/20
3.3717,-72.19358,7/20/20
3.37818,-72.19859,7/20/20
3.04547,-73.03242,7/20/20
3.3782,-72.19804,7/20/20
3.38174,-72.19855,7/20/20
6.73133,-74.67719,7/20/20
6.728,-74.67669,7/20/20
3.38587,-72.19508,7/20/20
3.38233,-72.19456,7/20/20
3.03973,-73.02402,7/20/20
3.04028,-73.02033,7/20/20
5.60074,-70.65095,7/20/20
5.36641,-74.95746,7/20/20
5.99436,-75.0914,7/20/20
6.38818,-74.97512,7/20/20
6.38766,-74.97861,7/20/20
6.96523,-73.8998,7/20/20
6.96182,-73.89928,7/20/20
5.6676,-75.07509,7/20/20
7.10668,-73.45799,7/20/20
5.3631,-74.95696,7/20/20
3.30717,-72.65755,7/20/20
10.82786,-73.0448,7/20/20
11.38489,-72.82533,7/20/20
10.96636,-73.06358,7/20/20
10.96575,-73.06799,7/20/20
10.97003,-73.06425,7/20/20
11.08195,-72.68354,7/21/20
11.08129,-72.68005,7/21/20
11.14148,-72.54544,7/21/20
10.99538,-72.71207,7/21/20
11.04606,-72.71902,7/21/20
11.13612,-72.57481,7/21/20
11.13846,-72.57449,7/21/20
11.08588,-72.67533,7/21/20
9.7626,-73.475,7/21/20
11.08653,-72.67876,7/21/20
11.03536,-72.66173,7/21/20
8.48551,-72.93221,7/21/20
10.98138,-72.72501,7/21/20
8.48473,-72.92789,7/21/20
11.14403,-72.54501,7/21/20
5.40636,-73.6785,7/21/20
5.374,-73.69177,7/21/20
7.89011,-72.57416,7/21/20
5.40534,-73.67744,7/21/20
5.42312,-69.17398,7/21/20
2.32986,-74.76567,7/21/20
5.53568,-68.95298,7/21/20
3.26215,-76.64207,7/21/20
3.26159,-76.64563,7/21/20
5.66631,-75.07214,7/21/20
5.76005,-69.09582,7/21/20
11.36622,-72.54925,7/21/20
-1.41536,-70.60336,7/21/20
-1.41198,-70.60385,7/21/20
3.44521,-75.25474,7/21/20
11.28748,-72.84039,7/21/20
4.36965,-76.12012,7/21/20
4.36124,-76.11877,7/21/20
2.71294,-76.72893,7/21/20
4.36187,-76.11488,7/21/20
4.81074,-74.92044,7/21/20
1.75655,-75.0799,7/21/20
5.78053,-75.1852,7/21/20
5.7785,-75.18291,7/21/20
5.91568,-75.15248,7/21/20
5.92942,-75.16531,7/21/20
11.13504,-72.57312,7/21/20
11.2703,-72.81952,7/21/20
3.26072,-76.64462,7/21/20
3.41808,-76.25072,7/21/20
11.2692,-72.8266,7/21/20
5.58544,-75.13222,7/21/20
6.01898,-68.21647,7/21/20
3.01114,-76.74803,7/21/20
6.02249,-68.21697,7/21/20
5.42028,-69.16988,7/21/20
5.41975,-69.17348,7/21/20
8.95228,-73.44335,7/21/20
5.42366,-69.17037,7/21/20
8.08364,-72.5974,7/22/20
11.08117,-72.68374,7/22/20
11.13797,-72.57119,7/22/20
11.1416,-72.54306,7/22/20
7.89486,-72.59558,7/22/20
11.1382,-72.56952,7/22/20
11.14764,-72.53159,7/22/20
9.76281,-73.47448,7/22/20
8.04554,-72.42036,7/22/20
11.22684,-72.28342,7/22/20
11.35508,-72.8139,7/22/20
4.40123,-70.79295,7/22/20
3.39084,-73.68532,7/22/20
11.22078,-73.02073,7/22/20
11.22146,-73.01686,7/22/20
11.22091,-73.01714,7/22/20
11.18554,-72.94633,7/22/20
3.66372,-72.19425,7/22/20
11.20423,-73.41515,7/22/20
3.66141,-72.19597,7/22/20
11.28038,-72.29369,7/22/20
11.20494,-73.41103,7/22/20
11.28722,-72.83714,7/22/20
3.66447,-72.18973,7/22/20
11.25225,-72.8662,7/22/20
3.66213,-72.19142,7/22/20
4.40067,-70.79649,7/22/20
3.68202,-72.33813,7/22/20
11.28656,-72.84093,7/22/20
11.24319,-73.09064,7/22/20
10.96439,-72.91875,7/22/20
11.2564,-72.86694,7/22/20
11.25707,-72.86313,7/22/20
5.43514,-73.60997,7/23/20
7.90392,-72.67204,7/23/20
5.46373,-73.55636,7/23/20
5.40769,-73.67785,7/23/20
7.44349,-72.64357,7/23/20
8.03404,-72.42254,7/23/20
5.46702,-73.55584,7/23/20
7.89503,-72.5949,7/23/20
7.82571,-72.5022,7/23/20
11.39517,-72.85106,7/23/20
8.07601,-72.60169,7/23/20
5.46922,-73.54845,7/23/20
11.23395,-72.40416,7/23/20
5.4044,-73.67837,7/23/20
5.4725,-73.54793,7/23/20
5.47304,-73.55135,7/23/20
5.47358,-73.55479,7/23/20
5.23406,-73.80682,7/23/20
5.40715,-73.67443,7/23/20
8.08207,-72.59714,7/23/20
5.76292,-72.93284,7/23/20
8.08538,-72.59661,7/23/20
10.98145,-72.72334,7/23/20
10.97815,-72.72385,7/23/20
5.44887,-73.59026,7/23/20
10.50657,-73.29359,7/23/20
11.33816,-72.90116,7/23/20
10.68891,-72.8786,7/23/20
10.68967,-72.87457,7/23/20
10.71454,-73.24923,7/23/20
10.67981,-72.86374,7/23/20
1.51845,-74.05206,7/23/20
1.51533,-74.05075,7/23/20
10.50841,-73.29607,7/23/20
10.50765,-73.30013,7/23/20
10.49798,-73.41663,7/23/20
10.50576,-73.29775,7/23/20
10.50496,-73.3018,7/23/20
8.29249,-72.79108,7/23/20
10.57413,-72.94642,7/23/20
10.58289,-72.96368,7/23/20
10.60519,-72.94025,7/23/20
10.60427,-72.94527,7/23/20
10.57117,-72.96322,7/23/20
10.58342,-72.96188,7/23/20
10.58256,-72.96632,7/23/20
10.60499,-72.94332,7/23/20
10.61968,-72.89806,7/23/20
10.61613,-72.9165,7/23/20
10.6246,-72.9035,7/23/20
10.62391,-72.90707,7/23/20
10.6271,-72.92158,7/23/20
11.12468,-72.57988,7/23/20
11.29816,-73.23957,7/23/20
11.29759,-73.23859,7/23/20
11.23387,-73.10466,7/23/20
11.03243,-72.64869,7/23/20
10.83418,-73.09315,7/23/20
8.75566,-73.64474,7/23/20
8.75653,-73.63787,7/23/20
8.7537,-73.64009,7/23/20
8.53052,-74.09326,7/23/20
8.33963,-73.64679,7/23/20
11.12808,-72.58171,7/24/20
4.00895,-71.90261,7/24/20
3.93141,-73.68707,7/24/20
4.17456,-71.18861,7/24/20
4.17535,-71.18806,7/24/20
3.70811,-72.84178,7/24/20
8.75321,-73.25297,7/24/20
8.98805,-72.86698,7/24/20
8.98854,-72.86589,7/24/20
8.98807,-72.86942,7/24/20
8.8755,-72.82568,7/24/20
8.99361,-72.86755,7/24/20
8.87596,-72.82196,7/24/20
11.13295,-72.58844,7/25/20
11.12106,-72.58256,7/25/20
11.13661,-72.57324,7/25/20
11.127,-72.58549,7/25/20
11.13614,-72.56959,7/25/20
11.12654,-72.58186,7/25/20
5.94275,-74.756,7/25/20
5.64948,-68.04503,7/25/20
4.66132,-68.81409,7/25/20
4.94328,-70.10747,7/25/20
4.94395,-70.10285,7/25/20
5.73835,-69.30452,7/25/20
4.68121,-70.67292,7/25/20
4.80267,-69.56307,7/25/20
5.17833,-70.00327,7/25/20
5.17844,-70.00471,7/25/20
4.87716,-74.81942,7/25/20
5.44307,-69.18398,7/25/20
5.09252,-68.34072,7/25/20
5.09296,-68.33763,7/25/20
5.08825,-68.33385,7/25/20
4.80194,-69.5681,7/25/20
3.66173,-71.70179,7/25/20
3.66123,-71.70527,7/25/20
5.687,-76.65862,7/25/20
4.8806,-74.81993,7/25/20
5.6903,-76.65912,7/25/20
5.22062,-70.91928,7/25/20
11.24033,-72.29718,7/25/20
11.22349,-72.30312,7/25/20
11.22691,-72.29959,7/25/20
11.24086,-72.29306,7/25/20
11.19558,-73.19846,7/25/20
10.20186,-73.1517,7/25/20
11.22441,-73.10969,7/25/20
11.22442,-73.11038,7/25/20
11.2376,-73.10464,7/25/20
11.22262,-72.29903,7/25/20
7.94889,-72.81544,7/25/20
11.23711,-73.10832,7/25/20
11.2407,-73.11252,7/25/20
11.24168,-73.10514,7/25/20
11.2477,-73.09103,7/25/20
11.24623,-73.10201,7/25/20
11.24575,-73.10567,7/25/20
10.20228,-73.14862,7/25/20
11.22405,-72.299,7/25/20
11.24818,-73.08737,7/25/20
10.20497,-73.15865,7/25/20
3.94458,-76.2814,7/26/20
3.56425,-76.48814,7/26/20
3.94511,-76.28457,7/26/20
3.5648,-76.49148,7/26/20
8.96343,-75.23227,7/26/20
3.3056,-72.89561,7/26/20
4.81105,-68.68678,7/26/20
5.54335,-68.99198,7/26/20
9.47885,-75.38817,7/26/20
5.54698,-68.9925,7/26/20
3.9287,-73.68955,7/26/20
4.70768,-68.72971,7/26/20
1.43842,-77.44316,7/26/20
3.27205,-72.7393,7/26/20
5.73748,-67.91814,7/26/20
3.27258,-72.73579,7/26/20
4.66587,-75.98564,7/26/20
3.30614,-72.89209,7/26/20
11.20986,-72.62762,7/26/20
11.0688,-72.98184,7/26/20
11.25538,-72.77717,7/26/20
11.08423,-72.67355,7/26/20
11.36236,-72.65191,7/26/20
11.18078,-72.73208,7/26/20
11.23851,-73.09535,7/26/20
11.14434,-73.02227,7/26/20
11.14765,-73.02278,7/26/20
11.24481,-72.71278,7/26/20
11.43681,-72.88112,7/26/20
11.24814,-72.71329,7/26/20
11.18031,-72.30099,7/26/20
5.40903,-69.47608,7/27/20
5.43135,-69.44527,7/27/20
10.32746,-74.20774,7/27/20
10.32917,-75.29721,7/27/20
5.43535,-69.44209,7/27/20
5.43477,-69.44579,7/27/20
5.40486,-73.6759,7/27/20
3.69946,-72.26922,7/27/20
3.69596,-72.26499,7/27/20
9.75635,-75.13827,7/27/20
3.6919,-72.26436,7/27/20
3.6917,-72.16171,7/27/20
9.80529,-75.13668,7/27/20
10.4901,-74.73202,7/27/20
3.53607,-72.27309,7/27/20
4.62593,-72.29227,7/27/20
5.3879,-69.47663,7/27/20
3.5324,-72.27224,7/27/20
3.53297,-72.26862,7/27/20
3.52889,-72.26801,7/27/20
10.26921,-74.47223,7/27/20
10.49427,-74.13948,7/27/20
10.7399,-74.31197,7/27/20
9.6129,-75.28743,7/27/20
10.11087,-74.96754,7/27/20
9.91912,-75.08154,7/27/20
5.43581,-69.75798,7/27/20
5.3919,-69.47343,7/27/20
5.39132,-69.47716,7/27/20
5.39533,-69.47396,7/27/20
5.39474,-69.47769,7/27/20
5.39817,-69.47821,7/27/20
3.53648,-72.27287,7/27/20
5.40276,-69.47131,7/27/20
5.38796,-69.47626,7/27/20
3.39025,-72.19472,7/27/20
5.40218,-69.47502,7/27/20
5.4016,-69.47874,7/27/20
5.40618,-69.47182,7/27/20
1.78717,-76.94073,7/27/20
1.78782,-76.93667,7/27/20
5.4056,-69.47554,7/27/20
5.40502,-69.47927,7/27/20
6.04726,-73.51585,7/27/20
5.40961,-69.47235,7/27/20
5.31518,-73.73079,7/28/20
5.3263,-73.71375,7/28/20
5.37217,-73.68866,7/28/20
5.36882,-73.68929,7/28/20
5.34348,-73.70387,7/28/20
5.33469,-73.70124,7/28/20
7.96822,-72.46126,7/28/20
7.96706,-72.46209,7/28/20
8.0842,-72.5948,7/28/20
8.08076,-72.59535,7/28/20
7.97206,-72.44937,7/28/20
11.07945,-72.68124,7/28/20
11.08221,-72.67706,7/28/20
11.0828,-72.68066,7/28/20
9.54793,-73.49789,7/28/20
9.74793,-73.49428,7/28/20
11.12914,-72.58374,7/28/20
11.13191,-72.57954,7/28/20
7.96061,-73.56773,7/28/20
6.73842,-71.32507,7/28/20
7.90325,-72.67091,7/28/20
5.47487,-73.54208,7/28/20
5.47329,-73.55386,7/28/20
5.4727,-73.5502,7/28/20
5.46934,-73.55084,7/28/20
11.08497,-72.67287,7/28/20
5.45813,-73.56745,7/28/20
5.45195,-73.5722,7/28/20
5.44753,-73.58775,7/28/20
5.43358,-73.60868,7/28/20
5.40807,-73.67523,7/28/20
5.40527,-73.67934,7/28/20
5.4047,-73.67574,7/28/20
3.56505,-76.48965,7/28/20
3.56174,-76.49018,7/28/20
4.72956,-70.39881,7/28/20
11.32827,-72.82302,7/28/20
8.72661,-74.14416,7/28/20
8.33074,-73.65352,7/28/20
4.27917,-69.889,7/28/20
7.69731,-73.81897,7/28/20
4.72865,-70.40421,7/28/20
11.17877,-72.86131,7/28/20
10.32565,-73.43046,7/28/20
12.18817,-71.43925,7/28/20
4.72283,-70.74411,7/28/20
4.7233,-70.74126,7/28/20
4.71832,-70.7404,7/28/20
4.71785,-70.74325,7/28/20
5.76194,-68.45688,7/28/20
3.14083,-70.33852,7/28/20
3.14129,-70.33566,7/28/20
3.13304,-70.35498,7/28/20
5.15308,-68.01455,7/28/20
6.15073,-67.70381,7/28/20
6.75488,-73.27043,7/28/20
8.45213,-74.14165,7/28/20
4.27832,-69.89411,7/28/20
7.38069,-73.31796,7/28/20
7.38124,-73.3149,7/28/20
7.37498,-73.31728,7/28/20
4.27275,-69.89841,7/28/20
4.27359,-69.89336,7/28/20
9.32097,-74.00428,7/28/20
4.95478,-71.36304,7/28/20
6.09256,-68.74263,7/28/20
5.15597,-69.81778,7/28/20
7.76289,-73.91634,7/28/20
7.76377,-73.91737,7/28/20
9.72366,-75.23888,7/28/20
4.62597,-70.61597,7/28/20
11.29058,-72.55458,7/28/20
9.8148,-75.25964,7/28/20
10.12508,-73.89679,7/28/20
10.12574,-73.8932,7/28/20
9.94007,-74.93949,7/28/20
9.9226,-74.99743,7/28/20
9.92087,-74.9986,7/28/20
10.11223,-75.06684,7/28/20
10.11058,-75.06818,7/28/20
10.11823,-74.99465,7/28/20
10.11905,-74.99029,7/28/20
8.82007,-73.73338,7/28/20
5.72621,-67.89955,7/28/20
5.73025,-67.9002,7/28/20
8.78158,-73.56355,7/28/20
8.78339,-73.56496,7/28/20
5.73429,-67.90084,7/28/20
4.3293,-70.85528,7/28/20
5.58703,-68.32971,7/28/20
5.58855,-68.3304,7/28/20
5.6993,-68.55045,7/28/20
5.70352,-68.55115,7/28/20
5.70288,-68.55505,7/28/20
3.47628,-75.12798,7/28/20
3.47169,-75.12877,7/28/20
9.6259,-75.18816,7/28/20
5.9005,-70.15201,7/28/20
11.24121,-72.79289,7/28/20
11.24064,-72.79594,7/28/20
11.27637,-72.80276,7/28/20
11.2718,-72.94398,7/28/20
9.52825,-75.25597,7/28/20
9.76538,-75.20635,7/28/20
8.13496,-75.26405,7/28/20
3.31724,-75.33739,7/28/20
3.47223,-75.36266,7/28/20
9.55281,-75.23071,7/28/20
2.87234,-75.33752,7/28/20
2.87272,-75.33582,7/28/20
4.73753,-74.90315,7/28/20
9.52594,-75.21289,7/28/20
9.5243,-75.25682,7/28/20
4.73649,-74.91047,7/28/20
4.73792,-74.90634,7/28/20
1.34279,-77.01393,7/28/20
8.13371,-75.26406,7/28/20
1.33879,-77.01272,7/28/20
3.09076,-76.55972,7/28/20
9.81084,-75.06413,7/28/20
9.67472,-75.08339,7/28/20
3.032,-76.5299,7/28/20
3.02722,-76.52891,7/28/20
8.70347,-75.4285,7/28/20
9.67183,-75.0834,7/28/20
9.52217,-75.21438,7/28/20
11.13123,-72.58016,7/29/20
5.74855,-72.91085,7/29/20
5.7659,-72.93166,7/29/20
5.77507,-72.87533,7/29/20
5.77566,-72.87917,7/29/20
11.13184,-72.58443,7/29/20
11.12822,-72.58497,7/29/20
7.90351,-72.66961,7/29/20
9.75085,-73.49393,7/29/20
8.04708,-72.41748,7/29/20
8.04416,-72.42177,7/29/20
8.0436,-72.418,7/29/20
8.0458,-72.42102,7/29/20
5.47319,-73.55288,7/29/20
5.47257,-73.54887,7/29/20
5.46898,-73.5492,7/29/20
8.04522,-72.41726,7/29/20
11.1276,-72.5807,7/29/20
11.12036,-72.58178,7/29/20
11.13724,-72.57056,7/29/20
6.95626,-71.08673,7/29/20
8.04231,-72.42154,7/29/20
8.03534,-72.42252,7/29/20
5.40559,-73.67709,7/29/20
11.13423,-72.57537,7/29/20
7.97268,-72.47927,7/29/20
7.9698,-72.46011,7/29/20
7.96806,-72.47228,7/29/20
11.13546,-72.5839,7/29/20
7.95296,-72.49055,7/29/20
7.89233,-72.57117,7/29/20
7.89173,-72.56725,7/29/20
7.89114,-72.56331,7/29/20
7.88883,-72.57172,7/29/20
3.56533,-76.49052,7/29/20
5.19015,-73.87917,7/29/20
3.56344,-76.4902,7/29/20
5.47976,-73.52454,7/29/20
6.60004,-71.74663,7/29/20
7.89586,-72.59472,7/29/20
8.07789,-72.60096,7/29/20
8.08433,-72.596,7/29/20
7.82651,-72.50018,7/29/20
4.79009,-69.50822,7/29/20
4.91466,-69.33027,7/29/20
5.62923,-69.31731,7/29/20
5.63532,-69.31845,7/29/20
5.49022,-69.7522,7/29/20
5.48934,-69.75722,7/29/20
5.1357,-70.44138,7/29/20
5.49438,-69.74921,7/29/20
5.50368,-69.74927,7/29/20
4.95662,-70.47845,7/29/20
4.78784,-69.50529,7/29/20
10.39029,-73.0975,7/29/20
4.95562,-70.48423,7/29/20
5.49739,-69.7482,7/29/20
10.57516,-73.00217,7/29/20
4.79095,-69.50322,7/29/20
5.10712,-68.27577,7/29/20
5.49652,-69.75322,7/29/20
10.7455,-73.23899,7/29/20
10.74909,-73.23844,7/29/20
5.50067,-69.75024,7/29/20
4.34834,-71.03986,7/29/20
4.34901,-71.03887,7/29/20
11.15777,-73.01226,7/29/20
11.16474,-73.01348,7/29/20
5.49347,-69.75423,7/29/20
5.15801,-69.83039,7/29/20
5.15633,-69.82762,7/29/20
3.07361,-72.26249,7/29/20
3.07221,-72.26255,7/29/20
3.3319,-73.43536,7/29/20
3.33132,-73.47826,7/29/20
3.56184,-75.10467,7/29/20
3.56104,-75.11013,7/29/20
3.55002,-72.97893,7/29/20
3.8257,-72.87268,7/29/20
3.82739,-72.87365,7/29/20
3.59815,-72.27118,7/29/20
2.86532,-72.74113,7/29/20
2.86793,-72.74107,7/29/20
2.81264,-72.8236,7/29/20
7.19907,-73.94415,7/29/20
8.05566,-74.03926,7/29/20
8.95548,-73.61292,7/29/20
10.50736,-73.05811,7/29/20
10.50692,-73.05805,7/29/20
10.18875,-73.16654,7/29/20
9.44971,-73.95964,7/29/20
8.6731,-74.02938,7/29/20
8.67926,-74.09051,7/29/20
8.75482,-74.15311,7/29/20
8.67004,-74.02988,7/29/20
8.7645,-74.14951,7/29/20
10.0389,-73.16446,7/29/20
4.93021,-74.83089,7/29/20
6.20947,-74.14248,7/29/20
4.93149,-74.83273,7/29/20
4.93192,-74.82978,7/29/20
4.89932,-74.8038,7/29/20
6.21118,-74.14229,7/29/20
9.59904,-73.94446,7/29/20
4.7198,-74.81184,7/29/20
11.17486,-72.87955,7/29/20
10.03843,-73.16822,7/29/20
10.04444,-73.16966,7/29/20
10.75646,-73.21446,7/29/20
10.0456,-73.16801,7/29/20
10.14495,-73.16557,7/29/20
10.75709,-73.20916,7/29/20
10.71718,-72.84971,7/29/20
8.26036,-72.61951,7/29/20
8.58757,-73.48445,7/29/20
8.58679,-73.49047,7/29/20
8.50561,-73.61755,7/29/20
8.50521,-73.61848,7/29/20
9.09857,-73.55264,7/29/20
9.09278,-73.55116,7/29/20
5.11784,-70.41002,7/29/20
5.12969,-70.424,7/29/20
5.13561,-70.43093,7/29/20
5.12033,-70.4082,7/29/20
5.13225,-70.4223,7/29/20
8.97444,-73.55301,7/29/20
5.13821,-70.42926,7/29/20
8.13732,-75.2617,7/29/20
8.1369,-75.26483,7/29/20
7.19958,-73.94041,7/29/20
7.20384,-73.94263,7/29/20
11.23706,-72.72945,7/29/20
11.24404,-72.72492,7/29/20
11.24344,-72.73005,7/29/20
11.30541,-72.82902,7/29/20
10.66968,-72.89394,7/29/20
10.08957,-73.05664,7/29/20
9.52184,-75.26262,7/29/20
10.71963,-72.84797,7/29/20
10.5955,-72.94751,7/29/20
9.44865,-73.95891,7/29/20
9.09456,-73.67906,7/29/20
10.60033,-72.9464,7/29/20
11.10086,-72.98855,7/29/20
11.10143,-72.98367,7/29/20
10.59987,-72.95045,7/29/20
9.5636,-75.14731,7/29/20
9.56437,-75.09929,7/29/20
8.4733,-73.59126,7/29/20
8.48184,-73.43192,7/29/20
8.42178,-73.62324,7/29/20
9.52377,-75.28943,7/29/20
10.09002,-73.05439,7/29/20
9.83004,-73.84548,7/29/20
8.44217,-73.92181,7/29/20
9.53654,-75.23174,7/29/20
4.29274,-72.30922,7/29/20
8.51646,-72.57036,7/29/20
9.53635,-75.27499,7/29/20
9.55146,-75.19952,7/29/20
9.55904,-75.09853,7/29/20
9.54319,-75.13765,7/29/20
8.41212,-73.65523,7/29/20
8.41615,-73.62312,7/29/20
8.41169,-73.65485,7/29/20
8.41595,-73.62279,7/29/20
8.37744,-73.64687,7/29/20
8.37796,-73.64296,7/29/20
8.33082,-73.59731,7/29/20
8.28003,-73.66631,7/29/20
8.28055,-73.66236,7/29/20
9.5493,-75.21619,7/29/20
9.55997,-75.25832,7/29/20
9.50598,-75.13238,7/29/20
9.50725,-75.13428,7/29/20
8.39554,-74.01498,7/29/20
8.38225,-73.98407,7/29/20
8.38278,-73.97987,7/29/20
8.37955,-73.98244,7/29/20
8.38012,-73.97822,7/29/20
8.52152,-73.99895,7/29/20
8.652,-74.15275,7/29/20
8.65249,-74.14886,7/29/20
8.65426,-74.14945,7/29/20
8.6466,-74.12078,7/29/20
8.59585,-74.11503,7/29/20
8.72854,-73.62984,7/29/20
8.73472,-73.62746,7/29/20
8.72891,-73.62666,7/29/20
7.28403,-74.56243,7/29/20
10.22249,-73.14384,7/29/20
8.31875,-73.69238,7/29/20
10.43704,-73.01738,7/29/20
7.05305,-74.14792,7/29/20
4.98477,-70.45853,7/29/20
9.55917,-75.2645,7/29/20
9.55875,-75.26772,7/29/20
4.97718,-70.4637,7/29/20
4.97801,-70.4577,7/29/20
4.97043,-70.46286,7/29/20
4.97126,-70.45684,7/29/20
4.96119,-70.47999,7/29/20
4.96202,-70.47402,7/29/20
4.95527,-70.47317,7/29/20
9.59373,-75.15535,7/29/20
9.59119,-75.01815,7/29/20
4.1618,-74.99429,7/29/20
9.74451,-75.31827,7/29/20
4.8919,-70.51237,7/29/20
4.8949,-70.51395,7/29/20
7.05328,-74.14919,7/29/20
7.08222,-74.14185,7/29/20
4.16139,-74.99163,7/29/20
8.70211,-73.51285,7/29/20
8.67425,-73.54471,7/29/20
8.62818,-73.53844,7/29/20
7.12361,-74.20845,7/29/20
4.15642,-74.99092,7/29/20
7.39867,-72.62152,7/29/20
7.46135,-75.35757,7/29/20
7.38422,-73.23927,7/29/20
9.72999,-75.30598,7/29/20
7.38324,-73.23936,7/29/20
9.7647,-73.21792,7/29/20
8.81107,-73.58624,7/29/20
9.65149,-75.33615,7/29/20
4.17022,-74.86272,7/29/20
8.90322,-73.60375,7/29/20
4.9477,-70.47829,7/29/20
6.81851,-74.68084,7/29/20
8.90378,-73.59942,7/29/20
4.94852,-70.47231,7/29/20
6.81806,-74.68414,7/29/20
11.12005,-73.02711,7/29/20
11.12122,-73.03033,7/29/20
11.12183,-73.02527,7/29/20
9.09511,-73.67477,7/29/20
5.23176,-75.0511,7/29/20
5.23217,-75.05154,7/29/20
7.7063,-74.05742,7/29/20
7.70514,-74.05635,7/29/20
7.21069,-74.86759,7/29/20
10.72659,-72.84299,7/29/20
10.73039,-72.84541,7/29/20
9.76533,-75.15575,7/29/20
9.76728,-75.05499,7/29/20
9.83141,-75.26451,7/29/20
11.17076,-72.88241,7/29/20
9.05345,-73.72409,7/29/20
9.05344,-73.72386,7/29/20
9.55664,-75.36561,7/29/20
9.51202,-75.29756,7/29/20
4.91679,-69.68601,7/29/20
4.91582,-69.69292,7/29/20
9.46702,-75.40042,7/29/20
4.91312,-69.69502,7/29/20
8.32688,-74.03303,7/29/20
4.9211,-69.68906,7/29/20
4.92018,-69.69591,7/29/20
10.96461,-73.03338,7/29/20
10.66921,-72.89795,7/29/20
11.1884,-72.98302,7/29/20
11.19468,-72.98355,7/29/20
11.1941,-72.98855,7/29/20
8.6827,-74.09037,7/29/20
11.13661,-72.58439,7/30/20
11.13168,-72.58504,7/30/20
5.40904,-73.67768,7/30/20
11.13516,-72.5731,7/30/20
11.14009,-72.57245,7/30/20
11.13095,-72.57938,7/30/20
11.11545,-72.57566,7/30/20
11.11869,-72.57624,7/30/20
11.12109,-72.58067,7/30/20
11.12602,-72.58002,7/30/20
5.40418,-73.67852,7/30/20
4.05178,-70.33234,7/30/20
3.79793,-76.35069,7/30/20
3.40083,-72.2567,7/30/20
4.20087,-74.99213,7/30/20
6.1988,-75.96508,7/30/20
3.00702,-76.34975,7/30/20
4.1754,-74.98833,7/30/20
5.6436,-74.30239,7/30/20
2.83085,-72.34344,7/30/20
4.26558,-70.80211,7/30/20
1.28253,-77.32609,7/30/20
4.89037,-74.92353,7/30/20
5.81493,-70.22942,7/30/20
4.49154,-75.65989,7/30/20
4.78876,-74.73208,7/30/20
4.32998,-76.04365,7/30/20
6.48481,-71.17461,7/30/20
4.13298,-74.97341,7/30/20
3.89651,-75.00113,7/30/20
4.05306,-70.33527,7/30/20
4.89179,-74.92006,7/30/20
3.89288,-75.00061,7/30/20
3.76393,-76.36825,7/30/20
4.13662,-74.97394,7/30/20
4.26079,-70.80145,7/30/20
3.85488,-74.9822,7/30/20
4.99547,-71.29333,7/30/20
4.12289,-70.30498,7/30/20
4.3641,-75.7886,7/30/20
10.26457,-73.93507,7/30/20
10.69136,-73.19034,7/30/20
8.07142,-74.10859,7/30/20
8.07596,-74.10557,7/30/20
8.07487,-74.14281,7/30/20
10.9453,-73.03423,7/30/20
10.94276,-73.05342,7/30/20
10.97052,-73.05222,7/30/20
8.07434,-74.14658,7/30/20
8.78569,-73.65284,7/30/20
9.80102,-75.04532,7/30/20
8.81668,-74.09171,7/30/20
8.86884,-74.07635,7/30/20
8.75868,-74.09165,7/30/20
10.48662,-73.14684,7/30/20
8.71375,-74.08549,7/30/20
11.27405,-72.19954,7/30/20
9.96279,-73.20926,7/30/20
11.0807,-72.67738,7/30/20
10.50128,-73.0363,7/30/20
9.65987,-75.08353,7/30/20
9.64939,-75.10213,7/30/20
9.64553,-75.10154,7/30/20
9.6253,-75.04024,7/30/20
9.6088,-75.12829,7/30/20
11.20485,-72.28276,7/30/20
11.20419,-72.28802,7/30/20
11.23778,-72.32952,7/30/20
9.62141,-75.03967,7/30/20
8.71717,-73.9687,7/30/20
8.62228,-73.46159,7/30/20
8.74647,-73.93867,7/30/20
7.22872,-73.40202,7/30/20
11.21534,-72.72263,7/30/20
11.21469,-72.72758,7/30/20
9.06145,-73.46634,7/30/20
7.2329,-73.4026,7/30/20
9.82395,-75.02356,7/30/20
9.82118,-75.0432,7/30/20
9.77102,-75.06131,7/30/20
9.6984,-74.97742,7/30/20
10.16158,-73.99538,7/30/20
10.20323,-73.87897,7/30/20
10.22173,-73.90199,7/30/20
8.04907,-74.12148,7/30/20
11.19459,-72.80873,7/30/20
7.9794,-74.20016,7/30/20
10.2772,-73.90519,7/30/20
10.32284,-73.8551,7/30/20
10.3215,-73.89602,7/30/20
10.3313,-73.85641,7/30/20
10.33121,-73.85579,7/30/20
10.33069,-73.85977,7/30/20
8.55712,-73.59106,7/30/20
8.46091,-73.53837,7/30/20
8.44067,-73.56094,7/30/20
8.44164,-73.55383,7/30/20
8.44212,-73.55022,7/30/20
10.37401,-74.47364,7/30/20
11.15674,-72.2763,7/30/20
10.37809,-74.47418,7/30/20
8.43648,-73.56026,7/30/20
8.43826,-73.54705,7/30/20
8.43997,-73.56123,7/30/20
8.44147,-73.55068,7/30/20
8.43762,-73.54748,7/30/20
8.43863,-73.54034,7/30/20
8.06389,-74.13317,7/30/20
8.06585,-74.11905,7/30/20
8.06848,-74.10009,7/30/20
10.3776,-74.47783,7/30/20
7.98977,-74.0686,7/30/20
7.99378,-74.06938,7/30/20
8.04823,-73.94863,7/30/20
8.04108,-74.05954,7/30/20
11.21998,-72.72324,7/30/20
11.23059,-72.71454,7/30/20
11.22994,-72.7194,7/30/20
11.22921,-72.71389,7/30/20
11.2286,-72.71878,7/30/20
11.0933,-73.00684,7/30/20
9.50171,-75.12048,7/30/20
8.69602,-74.15434,7/30/20
10.79154,-73.07124,7/30/20
10.79658,-73.13776,7/30/20
8.12908,-74.07964,7/30/20
8.70543,-73.88271,7/30/20
8.70596,-73.87895,7/30/20
10.8096,-73.0733,7/30/20
10.82883,-73.06661,7/30/20
8.06797,-74.10376,7/30/20
10.32583,-73.14731,7/30/20
10.32912,-73.14691,7/30/20
10.36375,-73.05559,7/30/20
10.36826,-73.05592,7/30/20
10.38128,-73.06097,7/30/20
10.42559,-73.98911,7/30/20
10.42513,-73.98893,7/30/20
10.29877,-73.9675,7/30/20
10.424,-73.01463,7/30/20
11.151,-72.89184,7/30/20
11.15162,-72.88709,7/30/20
11.13296,-72.57318,7/31/20
11.13966,-72.5724,7/31/20
11.13437,-72.58518,7/31/20
10.58599,-73.6607,7/31/20
11.08623,-72.67684,7/31/20
10.58604,-73.66216,7/31/20
10.99898,-72.71233,7/31/20
8.04498,-72.4213,7/31/20
9.76491,-73.47645,7/31/20
2.67593,-72.26227,7/31/20
4.13086,-70.99756,7/31/20
4.01177,-70.72598,7/31/20
6.83907,-71.71344,7/31/20
10.01926,-73.18383,7/31/20
9.99063,-73.19024,7/31/20
9.97245,-73.16529,7/31/20
6.8367,-71.71671,7/31/20
8.26533,-72.47532,7/31/20
8.2619,-72.47482,7/31/20
8.2194,-72.52535,7/31/20
8.1796,-72.53475,7/31/20
8.22373,-72.87846,7/31/20
4.01237,-70.72196,7/31/20
3.93027,-71.15342,7/31/20
8.44525,-73.53492,7/31/20
8.2688,-72.87727,7/31/20
8.28436,-72.84229,7/31/20
8.28384,-72.84581,7/31/20
8.35289,-72.87819,7/31/20
3.83871,-75.004,7/31/20
3.92921,-74.9409,7/31/20
4.42971,-75.08407,7/31/20
3.32586,-71.9827,7/31/20
3.93156,-74.97066,7/31/20
1.69124,-73.92622,7/31/20
1.69071,-73.92972,7/31/20
1.68965,-73.93671,7/31/20
1.69405,-73.93022,7/31/20
1.69352,-73.93372,7/31/20
1.69299,-73.93722,7/31/20
1.74042,-73.86967,7/31/20
8.60318,-73.81829,7/31/20
3.57216,-71.58298,7/31/20
4.07041,-74.88561,7/31/20
8.71588,-72.69458,7/31/20
3.34038,-71.94488,7/31/20
3.33595,-71.95155,7/31/20
4.07944,-74.90633,7/31/20
4.1064,-74.93237,7/31/20
3.33701,-71.94437,7/31/20
4.43348,-70.12535,7/31/20
4.51117,-70.35741,7/31/20
7.78381,-73.8748,7/31/20
9.76594,-73.09409,7/31/20
8.82573,-73.64717,7/31/20
2.45032,-77.27755,7/31/20
2.47489,-76.66564,7/31/20
2.39484,-76.93866,7/31/20
4.06702,-70.3297,7/31/20
9.75758,-73.10383,7/31/20
9.75918,-73.09299,7/31/20
9.75526,-73.09608,7/31/20
9.72841,-73.11402,7/31/20
3.65418,-72.59262,7/31/20
9.72946,-73.1068,7/31/20
9.72608,-73.10632,7/31/20
9.71027,-73.09605,7/31/20
4.07064,-70.33022,7/31/20
8.10535,-72.73328,7/31/20
8.07515,-72.60278,7/31/20
4.60418,-69.38593,7/31/20
2.7481,-76.44313,7/31/20
7.88724,-72.57104,7/31/20
4.21,-75.01041,7/31/20
4.10976,-74.93288,7/31/20
8.08384,-74.06843,7/31/20
4.12947,-74.96149,7/31/20
3.51801,-71.54874,7/31/20
3.51405,-71.55192,7/31/20
7.80954,-72.65034,7/31/20
3.51459,-71.54824,7/31/20
8.04267,-72.41927,7/31/20
3.49445,-71.35541,7/31/20
9.40068,-73.33883,7/31/20
4.13848,-74.97019,7/31/20
1.1557,-70.15071,7/31/20
0.68888,-70.22661,7/31/20
0.61153,-70.21107,7/31/20
4.14677,-71.05959,7/31/20
4.13436,-70.99808,7/31/20
5.67078,-74.60427,7/31/20
3.78381,-72.08946,7/31/20
2.50844,-72.27206,7/31/20
2.67646,-72.25877,7/31/20
6.58267,-74.63457,7/31/20
-2.8671,-69.84023,7/31/20
1.84693,-76.87566,7/31/20
5.93079,-70.587,7/31/20
8.4542,-73.54337,7/31/20
5.10769,-70.66989,7/31/20
5.9017,-70.45262,7/31/20
5.90233,-70.4483,7/31/20
8.54461,-73.45939,7/31/20
3.63493,-72.0703,7/31/20
8.56196,-73.48035,7/31/20
8.60222,-73.50763,7/31/20
8.53187,-72.75855,7/31/20
8.53528,-72.75901,7/31/20
4.71131,-69.86688,7/31/20
5.89803,-70.4521,7/31/20
5.89866,-70.44778,7/31/20
5.89993,-70.43913,7/31/20
5.8993,-70.44345,7/31/20
9.07735,-73.68638,7/31/20
2.87483,-72.49621,7/31/20
4.00882,-70.72144,7/31/20
3.10212,-76.38863,7/31/20
4.82186,-70.07123,7/31/20
4.70666,-70.0248,7/31/20
3.07738,-76.36893,7/31/20
3.0085,-76.72148,7/31/20
8.64024,-72.99657,7/31/20
9.44605,-74.05796,7/31/20
8.64249,-73.14468,7/31/20
2.63254,-75.47268,7/31/20
2.72205,-75.36658,7/31/20
3.95803,-70.72213,7/31/20
3.95566,-70.7136,7/31/20
6.56417,-71.52578,7/31/20
9.29728,-73.94106,7/31/20
9.33603,-73.95444,7/31/20
9.33551,-73.95795,7/31/20
6.63955,-71.52473,7/31/20
8.25279,-73.52967,7/31/20
8.28501,-73.54176,7/31/20
4.42647,-76.10913,7/31/20
1.84323,-76.87488,7/31/20
1.73981,-77.38344,7/31/20
9.65163,-73.61152,7/31/20
6.50519,-73.28367,7/31/20
4.93712,-69.89097,7/31/20
4.93628,-69.88793,7/31/20
3.72011,-75.1673,7/31/20
6.33063,-74.75143,7/31/20
6.33116,-74.74796,7/31/20
1.65449,-76.96645,7/31/20
6.5481,-73.20095,7/31/20
1.47747,-77.57028,7/31/20
5.71044,-70.3823,7/31/20
5.70612,-70.38609,7/31/20
5.54477,-70.79445,7/31/20
5.8228,-70.2271,7/31/20
5.82345,-70.22266,7/31/20
5.79794,-70.2416,7/31/20
1.40748,-77.65845,7/31/20
1.40543,-76.97483,7/31/20
3.95216,-70.71374,7/31/20
5.11888,-74.81767,7/31/20
9.48455,-73.34353,7/31/20
5.44266,-70.77626,7/31/20
5.24619,-74.473,7/31/20
5.44341,-74.60387,7/31/20
6.91036,-74.77873,7/31/20
5.8376,-75.13328,7/31/20
9.48401,-73.34714,7/31/20
6.91089,-74.77525,7/31/20
6.90705,-74.77824,7/31/20
4.5449,-74.86178,7/31/20
4.54436,-74.86532,7/31/20
5.70574,-74.35337,7/31/20
4.19226,-71.16105,7/31/20
2.99932,-72.07146,7/31/20
8.58726,-72.73633,7/31/20
5.19732,-74.30402,7/31/20
3.83681,-71.57021,7/31/20
1.84622,-76.88021,7/31/20
0.79748,-70.69525,7/31/20
8.74405,-72.86229,7/31/20
7.25535,-74.65257,7/31/20
5.44185,-70.65773,7/31/20
3.69147,-75.18914,7/31/20
3.69486,-75.18971,7/31/20
3.54977,-73.17132,7/31/20
3.87062,-71.97032,7/31/20
3.55308,-73.17181,7/31/20
5.43824,-70.6572,7/31/20
8.10299,-74.0535,7/31/20
8.02094,-73.78701,7/31/20
3.56091,-76.49022,7/31/20
8.69039,-73.93918,7/31/20
8.19428,-72.41071,7/31/20
4.38793,-70.18032,7/31/20
4.39159,-70.18084,7/31/20
3.8725,-71.96744,7/31/20
8.33904,-72.49774,7/31/20
3.87197,-71.97105,7/31/20
10.2449,-73.63184,7/31/20
10.28608,-73.60795,7/31/20
10.24208,-73.6344,7/31/20
10.24264,-73.63065,7/31/20
10.30641,-73.49296,7/31/20
11.13842,-72.89275,7/31/20
10.29378,-73.97072,7/31/20
10.83076,-73.11134,7/31/20
10.83352,-73.09243,7/31/20
11.26276,-73.05109,7/31/20
11.21026,-73.07454,7/31/20
11.10142,-72.81448,7/31/20
10.26943,-73.69788,7/31/20
10.24888,-73.69807,7/31/20
10.24553,-73.69759,7/31/20
10.22059,-73.75574,7/31/20
11.09166,-72.80869,7/31/20
11.40443,-72.82039,7/31/20
11.39737,-72.79552,7/31/20
11.07665,-73.00872,7/31/20
11.10185,-73.00076,7/31/20
11.12867,-72.98523,7/31/20
11.12812,-72.98904,7/31/20
11.13955,-72.98289,7/31/20
11.143,-72.98337,7/31/20
10.21726,-73.75517,7/31/20
10.2178,-73.75157,7/31/20
11.39847,-72.66349,7/31/20
11.24284,-72.79683,7/31/20
11.23937,-72.79631,7/31/20
11.16797,-72.27995,7/31/20
11.20973,-73.50967,7/31/20
11.21028,-73.50597,7/31/20
11.05329,-72.87872,7/31/20
10.26995,-73.69431,7/31/20
10.26347,-73.64528,7/31/20
10.25644,-73.66988,7/31/20
10.21894,-73.90142,7/31/20
10.22746,-73.79735,7/31/20
11.18888,-72.98219,7/31/20
11.18367,-72.9697,7/31/20
11.18423,-72.96587,7/31/20
11.18813,-72.93907,7/31/20
11.23075,-73.15109,7/31/20
11.23129,-73.14735,7/31/20
11.23239,-73.13974,7/31/20
11.22787,-73.14684,7/31/20
11.22252,-73.11115,7/31/20
11.21512,-73.11395,7/31/20
11.21168,-73.11346,7/31/20
10.98354,-73.11975,7/31/20
11.21223,-73.10966,7/31/20
11.20824,-73.11304,7/31/20
11.26781,-72.62048,7/31/20
11.26725,-72.62444,7/31/20
11.27481,-72.6215,7/31/20
11.2853,-72.62301,7/31/20
11.20879,-73.10923,7/31/20
10.19066,-73.84221,7/31/20
10.18732,-73.84174,7/31/20
10.15472,-73.92358,7/31/20
10.15667,-73.8875,7/31/20
11.20479,-73.11271,7/31/20
11.00684,-72.74345,7/31/20
11.15327,-72.71429,7/31/20
11.3696,-73.10966,7/31/20
11.27306,-72.37726,7/31/20
11.23672,-72.42962,7/31/20
11.24883,-72.34484,7/31/20
10.05517,-73.72552,7/31/20
10.60424,-73.05791,7/31/20
10.60478,-73.05416,7/31/20
10.9722,-73.0525,7/31/20
10.97903,-73.05367,7/31/20
10.97905,-73.0535,7/31/20
11.02895,-73.07156,7/31/20
11.03238,-73.07204,7/31/20
11.30131,-72.23157,7/31/20
11.23375,-72.24699,7/31/20
10.74063,-73.12855,7/31/20
10.96878,-73.05197,7/31/20
10.96231,-73.02436,7/31/20
10.09987,-73.83819,7/31/20
10.71677,-72.83494,7/31/20
11.35229,-72.98631,7/31/20
11.35174,-72.99014,7/31/20
10.91856,-73.06043,7/31/20
10.91923,-72.95879,7/31/20
10.79076,-74.7082,7/31/20
10.78693,-74.71119,7/31/20
10.78745,-74.7077,7/31/20
10.71332,-72.83445,7/31/20
10.69604,-72.9058,7/31/20
10.24436,-73.63564,7/31/20